nHM,piPC09,PCD,X2Av,MLOGP,ON1V,N-072,B02[C-N],F04[C-O],Class,logBCF
2,0.0,1.04,0.17,0.7,7.19,0,0,0,1,5.15
0,0.364220296911796,2.55,0.52,2.2,1.57,0,0,2,1,-0.34
1,0.0,2.09,0.4,3.81,1.37,0,0,12,3,1.1
4,0.5058631994555896,1.96,0.16,0.29,1.0,0,1,0,3,3.01
0,0.2809886664491188,2.57,0.18,0.44,0.59,0,1,0,1,4.82
6,6.704568856565743,2.29,0.23,0.58,1.56,0,1,3,3,2.1
5,5.313492124224197,2.47,0.25,0.51,1.73,0,0,1,1,1.19
0,1.5234697346733839,2.11,1.42,1.38,1.16,0,0,3,3,2.47
8,0.0,1.28,0.23,2.14,0.08,0,0,0,1,1.34
0,5.823324405949322,2.3,0.23,1.71,3.8,0,0,0,1,1.31
1,0.6158131917587895,1.19,0.16,-1.46,1.5,0,1,11,1,0.58
9,5.3758732888043,2.06,1.87,4.29,1.1,0,0,1,1,0.19
0,4.09489316442685,0.0,0.23,3.15,0.85,0,0,3,3,2.47
12,2.1599049760725677,1.31,0.3,1.68,0.43,0,0,22,3,3.78
4,0.0,0.0,0.16,5.81,1.15,0,0,0,3,2.61
1,0.0,1.34,0.21,0.44,2.28,0,0,1,3,3.68
1,0.7366809918407142,0.18,0.12,5.33,3.42,0,1,3,3,-0.28
2,0.0,2.57,0.4,1.97,0.49,0,0,0,1,2.61
0,0.1897232073850148,0.0,0.71,4.68,0.48,0,1,3,3,0.31
0,0.38038616884917076,2.03,1.18,3.95,1.63,1,1,1,1,0.95
1,3.6858672117931093,0.05,0.17,1.74,2.23,0,1,15,3,2.33
1,0.0,1.03,0.81,1.94,2.09,0,0,0,3,6.06
1,0.0,0.07,0.31,0.79,1.71,0,1,0,3,0.74
0,0.0,0.27,0.26,4.72,1.44,0,1,1,3,4.36
1,0.15967216035632248,2.58,0.56,2.49,1.59,0,0,0,1,-0.29
3,0.0,0.85,0.3,1.16,0.1,0,0,0,1,3.24
1,8.845762122132584,0.0,0.26,0.6,1.42,0,0,1,3,0.93
0,0.0,2.13,0.19,0.64,0.95,0,1,0,3,0.51
0,0.11174304639762056,1.46,0.19,3.55,1.46,0,0,0,1,1.01
10,0.3277348895764902,0.92,0.25,5.49,0.64,0,1,2,3,1.05
5,6.061621342232144,1.61,0.62,4.53,1.1,0,0,4,3,1.63
1,3.849946690443801,2.1,0.24,4.64,1.64,0,1,0,3,0.74
0,0.0,0.48,0.31,3.68,3.33,0,0,0,3,-0.56
1,4.980140965628834,0.63,0.19,0.43,1.25,0,1,0,3,0.23
0,8.173970177792384,0.0,0.2,5.06,0.67,0,1,5,3,1.21
1,0.0,0.01,0.21,2.88,1.33,0,0,0,1,1.83
1,8.384327100774314,0.0,0.23,3.55,0.22,0,1,3,3,2.1
1,7.585859319935011,0.0,0.2,-1.28,1.27,2,1,4,3,4.0
1,0.52255259804339,1.88,0.44,2.31,3.48,0,0,1,3,0.39
0,0.0,1.38,0.37,0.65,1.26,0,0,2,3,2.9
2,0.20884276409233848,4.43,0.31,3.71,1.67,0,1,15,3,1.43
5,1.5465870481902044,2.23,0.31,-0.03,1.38,0,1,0,1,3.18
0,0.0,1.06,0.2,1.44,1.92,0,1,0,3,-0.08
1,0.0,1.11,0.26,2.83,1.26,0,0,0,1,1.11
1,4.0184543712750695,1.09,0.2,1.24,1.35,0,0,8,2,0.79
3,6.444906699447927,2.0,0.21,4.14,1.64,0,0,0,1,0.27
0,5.612733292660579,0.0,0.21,4.09,1.57,0,1,1,1,1.56
1,7.70395544925681,0.92,0.65,6.81,0.97,0,1,7,3,5.57
1,6.6668327172197195,0.0,0.21,8.08,0.46,0,0,13,3,0.96
3,0.4750600946511838,2.11,0.22,4.58,0.99,0,1,0,3,3.67
1,1.0206376992529727,3.23,0.21,2.4,1.12,0,0,0,3,0.26
2,2.1793873237898396,2.31,0.19,2.31,1.31,0,0,15,3,2.81
6,0.0,1.8,0.22,1.81,1.33,0,1,4,3,6.06
0,6.798995726804378,0.05,0.43,7.38,4.73,0,0,0,3,0.11
1,6.983752606475477,0.79,0.25,3.35,0.74,0,1,3,3,3.06
1,4.7306536237828,0.85,0.21,1.35,1.54,0,1,0,3,2.57
1,0.0,1.2,0.28,0.94,1.57,0,0,1,1,0.03
1,1.2292041763147097,2.59,0.21,3.08,1.25,0,1,1,1,3.78
1,0.008926607812767884,1.05,1.12,3.66,1.62,0,0,0,2,0.7
2,0.15437275369149006,0.0,0.35,3.59,1.24,1,1,15,1,2.39
1,0.18651983751493617,0.6,0.64,1.57,1.6,0,1,0,1,6.06
1,4.100323840277483,2.36,0.19,-0.59,1.01,0,1,0,1,1.01
0,6.471604178678277,1.33,0.2,2.77,1.17,0,1,0,3,-0.44
0,0.0,0.83,0.32,1.64,1.35,0,0,12,3,1.75
0,0.4235342263534534,0.0,0.5,4.53,1.19,0,0,0,3,3.0
2,8.606304184766216,0.0,0.22,2.27,1.62,0,0,2,3,0.52
3,0.0,0.99,0.25,2.52,1.41,0,0,0,3,0.34
2,5.46276205701696,0.24,0.31,3.29,1.03,0,0,10,3,-0.55
0,7.1641382078222335,1.94,0.3,1.66,1.46,0,1,3,3,1.0
1,0.47158768712920107,1.44,0.57,1.34,0.88,0,0,0,1,1.36
9,0.0,0.0,0.39,4.07,1.45,0,0,0,1,1.49
1,0.0,0.98,0.48,4.92,1.75,0,0,1,1,1.57
0,0.2686295112646633,1.05,2.02,5.7,1.11,0,1,0,3,1.09
12,0.0,0.0,0.3,0.96,0.84,0,1,0,3,0.9
0,0.5078714158019295,0.0,0.96,2.66,3.07,0,0,0,3,-0.05
2,0.0,1.13,0.19,1.04,2.06,0,0,12,3,0.56
0,0.6614082906316554,1.0,0.34,1.4,1.68,0,1,0,3,3.32
3,7.407310207837014,0.0,0.22,3.35,1.33,0,0,4,1,1.77
1,1.7957304380629182,0.0,0.19,0.2,1.2,0,0,1,3,0.43
1,0.0,2.22,0.2,1.02,0.53,0,0,1,3,-0.1
0,2.62607039521248,0.39,1.47,2.26,0.91,0,1,1,1,1.06
3,0.7715417069744319,2.1,0.21,2.41,1.12,0,1,1,3,2.12
1,6.278506358848958,1.41,0.19,3.49,0.54,0,1,10,1,2.95
2,0.0,0.0,0.23,1.18,1.78,1,1,0,3,2.55
1,7.280159575004035,0.0,0.55,3.99,1.03,0,1,0,3,-0.09
0,0.0,0.0,0.15,2.31,0.8,0,0,0,3,1.61
4,7.663305055354087,0.03,0.55,2.02,0.89,0,0,1,3,2.88
1,0.0,1.44,0.2,-1.43,1.56,0,1,0,3,0.33
0,0.0,0.74,0.2,3.63,3.42,0,1,0,3,0.75
2,6.039070177671064,0.0,0.23,3.93,1.03,0,0,9,3,2.34
1,1.4777835160828232,0.96,2.23,4.71,2.45,0,0,5,2,6.06
1,7.462987920343181,2.12,0.38,2.28,2.72,0,0,0,2,-0.54
0,0.0,0.29,0.98,0.59,2.6,0,0,1,3,0.3
1,5.606384141658609,1.88,2.04,5.44,1.38,0,1,0,1,1.74
1,6.547278080752335,0.26,1.69,1.44,1.96,0,0,3,3,-0.37
1,4.198618926438712,0.0,0.2,2.99,0.22,1,0,0,3,2.86
0,0.9573919041313275,0.0,0.26,3.6,3.24,0,0,5,1,1.29
1,3.5994709291791906,0.0,1.35,4.35,2.94,0,1,0,3,1.19
10,0.0,0.19,0.23,5.31,1.07,0,0,1,3,0.86
1,7.158231058979936,1.9,0.26,4.8,1.1,0,0,0,1,0.41
0,0.24888868023975874,0.15,1.51,1.1,0.96,0,1,0,2,-0.34
1,4.826982369992663,3.83,0.56,0.21,0.93,0,0,1,1,0.21
3,0.0,2.47,0.14,8.32,1.12,0,1,11,1,5.0
1,0.4324800051552842,0.53,1.56,3.97,1.15,0,0,0,3,2.5
0,0.0,2.17,0.29,1.71,0.92,0,0,0,3,2.08
0,0.46805435245333626,0.64,0.25,1.43,1.34,1,1,0,1,-0.21
1,0.0,1.22,0.27,-1.34,1.02,0,1,1,1,2.89
0,6.039884909675038,0.98,0.21,1.95,1.14,0,1,0,3,1.57
1,0.3828099395424829,0.94,0.12,0.77,1.18,0,1,0,3,1.2
1,0.29324685771716474,0.0,2.23,3.55,0.43,0,0,9,3,1.07
5,6.529418034848817,0.1,0.31,1.53,1.0,0,1,0,3,0.79
0,7.448572496304749,2.07,0.37,2.95,1.26,0,0,0,3,1.89
1,1.5648816698764847,2.38,0.16,3.15,1.01,0,1,1,1,1.27
1,6.749184815395921,0.08,0.2,7.17,1.8,0,0,4,1,0.95
3,3.5233263679195232,1.35,0.25,2.96,1.03,0,0,1,3,0.25
1,5.103309364997088,1.35,0.49,4.61,1.64,0,0,0,1,0.7
0,0.8093387874969409,2.4,0.11,2.64,1.25,0,1,1,1,2.64
1,0.11141729642832843,0.5,0.38,3.11,2.44,0,0,2,3,2.94
1,2.4788799103328074,0.84,2.23,2.32,0.63,0,0,6,1,1.27
1,0.11564524969010392,0.22,0.2,8.32,1.12,0,0,3,3,3.25
2,0.24353588884891053,1.43,0.25,1.24,1.58,0,1,0,3,1.03
1,0.0,3.88,0.28,6.49,1.11,0,1,6,3,0.18
0,0.25633074220345975,0.33,0.3,5.81,0.77,0,1,0,3,0.28
0,0.0,1.39,0.2,0.75,2.3,0,0,11,1,1.68
1,0.0,3.83,0.93,2.47,0.49,0,0,14,1,2.94
0,0.597925852926366,1.93,0.66,3.11,1.4,0,0,1,3,4.27
1,0.6814876615890597,0.95,0.17,4.54,1.51,0,0,5,1,0.82
1,0.31223278601513016,2.07,0.24,-0.69,1.39,0,0,0,3,0.55
1,0.0,0.0,1.59,6.23,1.04,0,0,0,3,4.31
2,7.431912930919836,0.0,1.64,4.41,2.17,0,0,1,3,5.49
0,0.5671612181051415,0.0,0.26,5.26,1.45,0,0,0,3,1.01
0,0.23928446408179127,1.4,0.17,0.35,3.48,0,1,0,3,1.43
1,4.121227888109587,0.21,0.25,1.24,1.17,0,0,3,3,2.24
1,0.0,1.08,0.28,2.21,2.75,0,0,0,1,-0.22
1,4.435231717057533,0.23,0.24,1.63,0.8,0,1,0,3,1.14
7,0.15867962083063958,0.32,0.22,3.27,2.49,0,1,0,3,-0.5
2,0.0,0.22,0.36,2.64,1.61,0,1,19,3,3.68
0,0.25630032995994156,2.06,0.25,1.88,1.18,0,0,0,1,0.73
0,1.0519042984310403,0.0,0.27,3.49,1.48,0,1,0,3,2.2
1,3.0028211913435996,0.0,0.18,2.47,1.97,0,0,3,1,0.83
1,0.23904311072418238,1.08,0.2,4.57,1.98,0,1,0,3,1.0
1,0.0,0.99,0.25,1.75,1.51,0,1,7,3,3.79
8,6.616859455779874,1.77,0.22,4.51,1.32,0,0,1,3,1.48
2,0.0,0.0,0.23,3.99,1.11,0,0,0,3,1.41
4,0.0,1.09,0.19,2.2,1.28,0,0,0,3,2.62
2,0.3295541441642911,0.17,2.23,4.83,2.2,0,1,0,3,2.86
0,0.0,0.0,0.22,-0.28,1.9,0,0,1,3,1.04
2,7.3996478847959395,1.55,0.23,0.99,1.43,0,1,8,1,3.13
1,0.18361840452918443,0.06,0.2,5.83,1.4,0,0,0,1,1.71
2,5.376790119414508,1.12,0.2,2.69,2.2,0,0,0,1,2.41
0,0.014549833578072935,1.58,0.74,1.25,1.64,0,1,0,3,2.51
1,0.44232454626700246,1.22,0.26,2.37,0.84,0,1,1,3,0.65
1,5.858818607414449,2.56,1.52,3.9,0.65,0,0,0,1,0.22
0,5.565543021091145,2.25,0.58,0.11,0.98,0,1,6,2,1.77
0,0.3563106829413272,2.22,0.44,-0.66,0.87,0,0,1,1,1.0
1,8.668373362268383,0.88,1.48,4.87,1.01,0,0,0,3,2.47
1,0.5037985327897019,1.48,0.15,-0.18,1.0,0,1,1,3,2.8
0,0.0,1.39,0.19,6.13,0.73,0,1,0,1,1.64
1,5.137335645982645,0.0,1.55,5.36,0.95,0,1,0,1,2.58
1,4.8052083091395446,0.07,0.18,6.84,1.37,0,0,0,1,2.64
3,0.0,2.01,0.64,3.1,1.98,0,0,0,2,1.55
1,0.0,1.2,0.31,3.86,0.7,0,0,17,3,2.06
0,4.747951966436247,2.09,0.29,3.33,1.71,0,0,0,3,4.38
1,3.500370421397875,1.22,0.32,3.08,0.11,0,1,1,3,0.5
1,0.6668129341538815,0.98,0.24,4.82,1.34,0,1,0,3,2.79
0,0.0,0.0,0.36,3.09,0.55,0,0,0,3,1.27
1,0.5577015814744755,0.0,0.28,2.3,1.26,0,1,0,2,1.16
0,3.39738464634911,0.77,0.16,2.78,1.12,0,0,0,3,3.25
1,7.665790284121243,0.51,0.48,2.01,2.65,0,0,1,1,2.75
0,0.06889933899671519,2.11,0.73,2.69,0.08,0,1,6,3,1.93
1,0.15187259092252248,1.03,0.46,3.41,1.17,0,0,16,3,0.59
0,8.65985307265376,0.0,0.3,1.85,0.9,0,1,0,1,-0.25
5,2.009065079748268,1.13,0.26,1.85,1.09,0,0,13,3,1.61
1,4.2744959152528565,1.53,1.47,0.31,1.12,0,0,0,3,0.73
1,0.5619086148763301,2.37,0.27,5.39,1.24,0,1,0,3,0.25
1,4.96331638340618,0.99,0.12,5.04,0.99,0,0,2,3,-0.06
1,0.0,1.31,0.49,4.25,1.15,0,1,3,3,1.58
1,6.9177893652660885,2.13,2.23,3.0,0.94,0,1,1,1,3.54
1,0.20031742653060292,1.27,1.08,2.26,1.2,0,0,0,3,3.89
5,3.254919107695301,1.29,0.24,0.54,0.08,0,0,0,1,1.91
0,0.16923325279718426,0.0,0.18,2.47,1.03,0,0,0,3,0.53
4,0.28269429931660284,1.21,0.24,2.89,0.92,0,1,0,3,2.03
2,5.748573430899725,2.17,0.16,3.27,1.09,2,1,0,1,0.26
1,0.44506055947285006,2.17,0.3,3.25,0.19,0,1,0,1,0.89
1,0.0,1.48,0.22,2.37,1.34,0,0,0,3,2.27
6,0.0,0.0,1.81,3.8,1.3,0,1,0,3,1.67
0,5.653549511730162,2.46,0.33,6.32,1.17,0,1,0,1,2.7
4,0.3099664358678922,2.2,0.77,4.12,1.12,0,1,0,1,3.52
0,0.0,1.34,0.52,0.68,1.15,0,0,9,3,3.76
3,6.105806125634928,0.0,0.27,3.27,1.58,0,1,0,3,1.36
1,0.18865333311480015,1.18,0.87,2.29,1.54,0,1,1,2,2.93
1,0.0,0.08,0.14,0.21,1.37,0,0,2,3,0.48
1,0.07559972704117968,1.21,0.57,1.64,0.71,0,1,4,1,0.61
1,0.0,1.55,0.16,1.65,0.08,0,1,4,3,1.12
1,0.0,0.0,1.86,2.2,0.08,0,1,1,1,0.35
1,0.1031788441593875,0.0,0.17,1.36,1.1,0,0,5,3,1.54
1,6.844577162766768,0.34,0.24,-1.54,1.25,0,0,11,3,2.03
1,0.0,1.35,0.92,2.59,1.37,0,1,0,3,2.58
1,6.64722778446442,0.0,0.26,3.02,0.83,0,0,0,3,3.71
0,8.011424443455397,0.92,0.15,3.14,2.34,0,1,4,3,2.5
1,4.069410664320344,2.27,0.34,1.32,1.36,0,0,0,3,1.19
1,0.0,2.39,0.14,0.43,3.02,0,1,0,3,2.43
0,0.47482374001884864,1.19,2.23,0.79,1.05,0,0,3,1,1.99
0,0.0,0.03,0.18,3.91,0.27,0,1,0,3,2.06
2,3.4409033685894883,2.48,1.53,2.09,1.01,1,1,0,1,-0.41
2,0.04093023348079328,1.94,0.77,1.96,1.04,0,1,0,3,3.12
0,5.326021627553601,0.37,0.83,2.08,0.17,0,0,0,1,3.02
1,0.0,1.11,0.56,7.03,1.61,1,0,0,1,2.73
1,0.3553023488242957,0.0,0.28,5.23,0.18,0,1,0,3,-0.1
0,0.0,2.02,0.38,3.98,1.09,0,0,4,3,3.22
0,5.2564784138193374,0.0,0.24,4.56,1.41,0,0,16,1,0.81
1,0.744543464723094,0.0,0.2,0.96,0.75,0,0,4,1,5.08
2,0.0,0.08,0.19,3.72,1.42,0,1,2,3,1.58
0,0.0,0.36,0.17,0.84,0.56,0,1,0,1,1.8
1,0.6528216833660139,1.44,2.23,3.13,1.09,0,0,0,3,6.06
8,0.0,0.0,1.53,1.47,0.87,0,0,6,3,3.45
1,0.15843084123925166,2.35,0.26,0.61,1.71,0,0,3,3,1.32
3,0.3828300660553765,1.27,1.49,5.21,1.69,0,0,2,1,2.97
1,5.507927983117739,2.21,0.55,1.94,3.03,0,0,0,1,3.43
1,0.09962950083934174,0.95,2.23,4.64,1.04,0,1,0,1,3.07
1,8.306188279799159,0.82,0.5,5.01,0.69,0,0,0,1,1.28
0,0.0,2.3,0.14,-1.59,1.32,0,1,0,2,0.71
1,0.0,1.38,0.21,0.37,1.58,0,1,3,3,2.37
0,0.0,2.45,0.19,3.69,1.29,0,0,8,1,2.37
1,6.52909024594662,2.06,0.36,6.3,1.4,0,0,2,3,2.39
1,0.5800794813172274,1.09,0.92,3.0,1.27,0,0,0,1,-0.35
2,0.0,2.27,0.87,3.79,1.29,0,0,1,1,0.19
0,0.6786337940518763,1.35,0.25,-1.96,0.89,0,1,0,3,1.68
1,6.894481948797107,0.0,0.24,4.2,1.1,0,1,0,3,1.6
4,4.380151484680312,0.0,0.13,0.81,3.14,0,1,0,3,1.56
1,7.448092281453327,1.22,0.21,2.37,0.87,0,0,20,3,1.89
1,8.106910620077869,2.02,0.17,3.31,0.52,0,1,3,1,2.44
6,0.0,0.0,0.77,3.85,0.95,0,1,7,3,5.0
4,8.321339921080323,0.8,1.5,3.76,1.58,0,0,0,1,2.44
1,0.0,2.32,2.23,0.94,2.64,0,1,0,2,1.99
0,0.36369751723266575,0.0,0.3,-0.95,1.26,0,0,0,1,1.49
1,0.0,1.65,0.28,1.2,1.06,0,0,0,1,2.2
2,6.255219043808793,0.59,0.45,4.78,1.21,0,0,0,2,0.85
0,0.0,1.1,1.07,3.58,0.19,0,0,0,1,4.22
2,0.0,0.0,0.25,0.55,1.14,0,1,3,1,2.57
1,0.49996891047052827,2.47,0.11,-1.03,1.23,0,1,0,3,-0.01
2,5.6849955592436885,2.14,0.12,0.93,1.16,0,1,0,3,0.57
3,0.46818237373342697,0.81,0.41,0.75,2.21,0,0,1,1,2.53
3,2.043267420642465,1.25,0.62,0.55,1.25,0,1,13,3,1.31
0,0.0,0.8,0.18,1.37,1.52,0,1,0,3,1.26
6,6.973578384887233,0.0,0.18,4.46,1.32,0,0,0,3,5.63
1,8.26857737887228,0.0,0.23,0.88,0.29,0,0,0,3,3.09
2,0.25140037519146574,1.28,0.26,3.16,1.51,0,1,0,1,1.02
1,3.7490020694360027,1.14,0.3,2.93,1.4,0,0,1,3,4.01
0,4.811918637438453,3.83,0.35,5.09,1.44,0,0,0,3,1.75
2,0.36726448645555365,1.36,0.21,2.15,1.26,0,1,4,3,3.76
9,0.5221404485228902,0.11,0.21,0.01,1.02,0,1,0,3,2.32
1,0.0,1.09,0.3,0.39,0.78,0,1,1,1,1.37
0,0.0,0.0,0.19,3.78,1.1,0,1,0,3,0.04
1,0.5261491435505548,1.92,0.26,2.05,0.88,0,0,8,2,4.77
0,4.300032843257725,0.0,1.46,2.3,1.5,0,0,7,1,3.55
1,0.0,0.0,0.23,2.12,1.91,0,0,6,1,3.85
1,7.416992034704805,0.56,0.43,-1.08,0.88,0,1,0,3,0.36
1,0.08399654772573228,0.35,1.06,2.18,1.57,0,0,0,3,-0.64
3,2.035814340367267,0.62,0.65,3.07,0.57,0,1,0,2,4.6
0,5.976333228893893,0.16,0.89,4.22,1.18,0,0,17,3,3.32
1,0.0,0.0,0.27,2.64,1.02,0,0,0,3,2.15
0,0.6255582083425253,0.0,0.16,4.05,2.4,0,0,2,2,1.02
4,6.836561347423526,1.18,0.11,2.4,2.6,0,0,0,3,2.32
1,0.237209086860247,1.99,0.28,5.69,0.61,0,1,0,1,4.16
1,7.251010504362668,0.0,0.27,4.13,2.04,0,1,1,3,3.24
0,7.080162202342692,0.86,0.18,0.98,1.08,0,0,0,3,0.74
1,0.2846775295940347,1.2,0.45,0.6,1.68,0,1,3,1,1.38
1,0.0,3.59,0.3,0.48,1.39,0,0,7,3,0.0
5,0.7308643757173598,2.22,0.19,1.25,1.21,0,0,2,3,3.71
2,2.864975273279171,1.06,0.98,1.31,1.45,0,1,0,3,1.93
1,1.4398487025507052,1.17,1.35,2.34,1.13,0,0,10,3,0.89
1,0.0,2.48,0.35,1.97,1.15,0,1,1,1,2.85
1,0.0,1.09,0.44,5.76,1.5,0,1,0,1,-0.26
1,0.3339289161772996,2.14,2.01,5.65,1.03,0,0,0,3,3.93
1,0.0,0.58,0.29,1.7,1.34,0,1,0,3,1.34
2,0.0,1.4,0.16,0.1,1.27,0,0,0,1,0.63
0,0.0,2.41,0.74,6.95,0.91,0,1,1,3,2.13
1,0.41337951446408283,1.02,0.69,0.99,1.36,0,0,0,1,0.18
1,0.4343651145065337,2.49,1.0,2.79,1.88,0,0,0,1,1.49
0,1.9265251636373932,4.15,0.2,0.42,0.48,0,0,0,1,-0.31
1,2.7839326679065124,0.0,0.44,5.49,0.56,1,1,0,3,1.84
3,6.979550009199869,1.89,0.23,2.64,0.43,0,1,13,3,1.69
8,2.5653129192100437,1.15,0.35,3.62,1.13,0,0,6,3,1.11
10,6.393667584155395,0.13,0.47,5.21,1.49,0,1,6,3,3.82
0,3.4751656807251265,1.09,0.7,-0.15,1.81,0,0,1,3,2.32
1,7.373214228076179,2.35,1.74,4.83,1.45,0,0,1,3,4.9
0,8.071414783783936,1.47,2.23,3.09,1.17,0,1,1,3,0.81
0,0.4161141030332658,1.12,0.27,0.31,1.23,0,1,2,3,3.23
0,1.0152956188847782,5.9,0.17,3.88,0.08,0,1,1,1,2.68
2,0.0,0.2,0.38,2.0,1.41,0,0,0,3,1.72
1,4.495937151644995,2.14,0.28,4.22,1.46,0,1,9,1,2.04
1,5.590042737997024,1.63,1.73,-0.14,0.8,0,1,2,3,-0.88
1,0.3480272229385548,2.35,0.21,3.22,2.18,0,1,1,3,0.61
1,7.898847489605885,2.48,0.21,2.57,1.07,0,0,0,3,3.37
1,3.7089094022964275,0.0,0.21,3.26,4.02,0,1,0,3,2.17
2,0.7051190176920841,0.0,0.32,3.97,1.17,0,0,0,3,-0.42
1,0.5009820366833395,1.95,0.63,1.91,0.85,0,0,0,1,3.03
0,0.0,0.0,1.28,3.47,1.24,0,0,5,3,1.04
0,0.3596330695467458,1.16,0.23,4.38,0.69,0,1,0,3,2.67
2,5.548338091717483,0.0,0.28,3.45,0.81,0,0,0,1,-0.08
2,0.34453337477674495,2.21,0.64,-1.79,1.12,0,0,0,3,-0.01
3,2.1281540348482793,1.02,2.23,2.85,0.16,0,1,7,3,3.39
5,4.9050329902539005,0.0,0.21,2.36,1.16,0,1,10,3,6.06
5,0.2309315612180285,0.0,0.22,2.14,1.15,0,0,0,3,4.44
0,0.0,2.26,1.19,4.73,1.13,0,0,0,3,2.04
1,4.233496037151156,0.85,0.19,1.58,1.43,0,0,13,1,3.12
1,4.5122236842918255,0.67,0.21,-1.96,0.78,0,0,0,3,0.67
1,6.880052257072947,0.3,0.53,3.27,0.22,0,0,0,3,0.59
1,0.0,2.49,0.19,6.56,0.79,0,0,6,3,1.45
3,0.31381339324615,0.86,0.23,3.77,0.8,0,0,0,1,3.37
1,6.427168144792333,0.93,0.32,1.55,0.94,0,0,4,1,1.03
3,6.090429918720346,2.08,0.15,2.5,1.3,0,0,0,3,-0.38
0,7.474087691919905,2.27,0.24,0.75,1.2,0,0,0,3,0.1
2,7.535694688736555,0.0,0.21,5.19,4.19,0,1,6,3,2.53
1,0.0,1.34,2.23,4.14,0.98,0,0,0,3,1.48
3,0.26608435295901245,0.38,0.21,2.74,1.07,0,0,0,2,2.72
0,0.15095457200202134,1.8,0.18,1.79,2.48,0,0,0,3,1.44
1,3.6177400261808828,0.0,0.57,1.18,1.61,0,1,0,3,-0.36
2,6.873110343334858,1.73,0.35,-0.01,0.99,0,0,8,1,-0.11
1,0.18436552754708657,2.06,2.23,1.63,1.4,0,0,8,3,2.12
2,6.098869018237494,2.56,0.51,0.67,0.68,0,0,0,3,2.23
2,6.563750200499356,0.0,0.18,3.16,0.97,0,1,4,1,0.63
3,0.14343044731404575,1.23,0.22,0.57,2.39,0,0,1,3,1.95
0,0.0,1.58,0.74,5.27,1.03,0,1,1,3,1.77
0,0.2987976157675263,1.01,0.8,5.55,0.24,0,1,0,1,4.67
1,0.0,1.39,0.2,2.2,1.34,0,1,0,1,0.18
0,7.587674035871302,0.0,0.31,3.69,1.03,0,1,0,1,4.17
2,5.941713363400339,0.28,0.59,1.42,1.3,0,0,0,1,-0.26
0,0.6285206240929853,0.0,0.24,2.47,0.77,0,0,1,3,0.46
0,8.800700162744903,0.0,0.26,5.05,0.5,0,0,12,3,4.31
5,0.0,1.22,0.16,1.5,2.77,0,1,6,3,0.38
1,0.47700916226408197,0.0,0.27,4.78,3.22,0,1,4,3,4.48
1,0.0,1.55,0.33,1.46,1.22,0,0,7,1,4.87
2,2.8035554152520916,1.2,2.23,4.04,1.18,0,1,4,2,1.07
1,0.0,1.91,0.22,1.49,0.66,2,1,0,1,4.39
2,2.864462461863255,0.92,0.24,1.53,1.19,0,1,0,1,2.32
1,7.340020136323346,0.0,0.26,3.25,2.92,0,1,0,1,3.12
1,5.130182345117902,0.21,0.21,0.69,3.15,0,0,6,2,0.33
1,0.40468251456971416,1.3,0.29,1.59,1.18,0,0,0,3,0.79
12,6.417110283446306,1.54,1.05,-1.96,1.35,0,0,0,1,1.41
4,5.235659030199741,1.08,0.17,4.7,1.15,0,1,0,1,-0.07
1,0.0,1.58,0.26,5.43,1.04,0,0,0,1,-0.26
3,0.8580217221759909,3.92,0.21,0.1,0.39,0,1,0,3,3.24
1,0.0,1.91,0.21,6.83,2.62,0,0,0,3,0.39
0,6.572962874312765,0.39,1.15,-1.54,1.16,0,1,0,1,0.92
5,0.19005445213761618,0.4,0.37,-0.05,1.16,0,0,0,3,2.54
1,5.07060076010859,2.67,2.23,2.17,1.68,0,1,15,3,0.73
1,0.0,0.0,0.26,0.16,0.08,0,0,0,3,3.75
4,0.0,1.0,0.19,4.38,1.1,0,0,0,3,2.01
2,0.0,1.06,0.21,1.83,1.46,0,1,0,1,2.18
0,4.7812551908312315,1.36,0.89,4.0,1.31,0,1,0,3,0.37
1,0.0,2.48,0.43,1.65,1.17,0,1,10,2,2.4
1,3.804415641894849,0.0,0.27,3.83,0.8,0,1,0,3,1.29
0,0.0,0.93,0.28,2.17,1.36,0,0,3,1,0.7
1,0.0,2.78,0.32,4.83,1.52,0,1,1,3,1.5
1,7.143208213277461,1.35,0.39,-1.9,1.04,0,0,0,3,0.21
1,6.93921697091092,2.41,0.2,2.18,1.4,0,1,0,1,0.55
4,0.2796442374750967,0.07,0.22,5.26,1.27,0,0,1,1,0.54
0,6.1989633827666495,0.22,0.15,-1.96,1.02,2,1,0,1,2.33
1,0.0,2.4,1.05,4.86,1.34,0,0,10,3,1.49
0,0.0,1.84,0.23,5.68,0.77,0,0,0,3,3.55
0,7.5499138918843585,0.0,0.29,0.63,1.54,0,0,0,3,0.55
3,0.0,0.64,0.43,2.8,2.54,0,0,15,1,4.75
1,7.227513108249269,2.16,0.73,-1.96,1.49,0,0,0,3,0.86
0,0.02710513812598947,2.31,2.21,2.17,2.48,0,1,0,1,-0.5
1,5.384090703384118,2.0,0.16,-1.14,3.93,0,0,0,3,0.21
1,7.167936370416001,0.26,0.4,-1.27,0.69,0,0,0,3,2.31
1,4.513206846474347,1.84,0.14,1.35,2.35,0,1,0,1,0.97
1,3.3994637540583312,1.34,0.25,1.6,0.38,0,0,0,3,1.96
4,2.5379379622552136,2.17,0.15,5.99,1.18,0,0,0,1,1.23
1,5.759450013696082,0.0,0.56,3.48,2.44,0,1,0,1,-0.57
0,0.0,2.53,0.68,1.42,1.01,0,0,8,3,2.25
0,0.0,1.57,0.2,3.73,1.78,0,1,1,3,1.37
1,8.25079591293364,2.17,0.47,1.78,3.17,0,1,0,3,1.38
1,6.030807999700386,0.02,0.23,2.58,1.5,0,1,4,2,6.06
2,8.730165206774188,0.0,1.29,3.71,1.1,0,1,0,3,-0.8
7,4.544000852361933,1.22,0.19,0.23,1.26,0,1,0,3,-0.6
0,7.832742624092347,0.0,0.2,4.15,1.42,1,1,0,3,0.21
4,5.961593564149908,0.91,2.23,2.7,0.63,0,1,0,3,0.67
1,0.0,2.47,0.21,2.38,0.53,0,0,0,3,-0.07
1,8.881987608256608,1.04,0.15,0.16,1.09,0,0,0,1,0.65
3,0.2540401267726793,1.12,0.47,4.47,1.22,0,1,0,3,2.11
1,8.568834689316432,0.0,0.11,1.27,1.51,0,0,2,3,1.25
1,0.0,0.0,0.39,3.64,1.55,0,1,0,1,1.1
0,1.610581290585742,0.92,0.53,1.5,1.41,0,0,0,1,3.52
1,0.32189015492386375,0.45,0.98,2.45,1.15,0,1,0,1,0.33
1,0.47992148206245133,2.07,0.61,3.31,1.03,0,0,0,3,-0.36
2,0.0,0.74,0.23,1.03,1.36,0,1,0,3,2.38
0,2.4269019336077946,2.03,0.28,3.67,1.34,0,0,5,3,5.44
0,5.778669635132175,2.01,0.25,5.42,1.55,0,0,11,1,2.09
2,6.511230529079967,2.1,1.87,0.16,1.22,0,0,0,1,0.73
0,0.0,0.99,2.23,1.74,1.09,0,0,6,3,2.78
1,4.23491646681984,0.0,0.74,3.06,0.3,0,0,2,2,2.33
1,0.0,1.15,0.39,-0.44,0.72,0,0,1,1,0.6
0,4.215630739451768,0.93,0.48,0.89,0.43,0,0,0,3,1.8
0,0.0,0.0,0.23,3.04,1.19,0,1,1,1,2.04
1,9.01344169057731,1.38,0.31,2.71,0.71,0,1,0,1,0.37
1,0.0,2.45,0.39,-1.54,0.2,0,0,0,1,1.13
5,0.0,1.54,0.43,2.65,1.45,0,1,0,1,1.26
7,0.0,0.78,0.61,-0.12,1.05,0,1,0,3,2.32
1,0.0,0.72,0.67,7.99,1.43,0,1,0,3,1.44
5,0.0,1.32,0.4,3.43,1.01,0,0,1,3,0.47
0,0.0,0.94,0.23,3.59,1.07,0,0,2,3,0.84
1,6.030353444266524,2.1,2.23,1.75,0.8,0,1,7,3,3.53
3,0.10532271274247762,1.09,2.23,7.22,0.46,0,0,0,1,2.62
2,0.0,1.06,1.74,6.85,0.83,0,0,0,3,2.02
0,2.800173240869782,1.18,0.73,5.41,1.21,0,1,0,3,0.84
1,0.0,1.31,1.18,-0.06,1.33,0,0,14,1,1.36
2,6.666115412173895,0.0,1.34,5.12,1.05,0,0,0,3,1.09
3,0.0,0.0,0.21,1.52,0.55,0,1,0,3,2.48
2,0.10575683797233637,0.07,0.22,0.82,0.77,0,1,0,1,-0.49
1,5.6392471148631955,0.21,1.12,5.7,1.61,0,0,1,3,4.82
1,0.0,1.06,0.49,2.16,1.61,0,0,1,2,3.55
6,8.039490173454368,1.53,0.26,2.14,1.48,0,0,8,3,3.3
3,0.012046671857021352,2.45,0.22,-0.38,0.29,0,0,0,1,2.14
1,0.0,1.96,1.54,-0.02,1.47,0,0,10,1,6.06
4,6.7373628168111,1.45,0.26,4.38,2.45,0,1,0,2,0.7
0,2.1055770970346686,1.54,0.31,2.77,1.39,0,1,0,3,1.35
0,0.0,2.19,0.22,1.05,2.55,0,0,0,3,2.24
1,5.70694536790954,2.16,0.2,2.54,1.5,0,1,0,3,0.16
3,0.08271871344881276,1.19,0.25,3.65,1.44,0,0,0,3,1.63
0,0.0,2.39,0.2,-1.96,4.04,0,1,0,3,2.69
1,0.014740849249406551,0.33,0.48,5.1,0.83,0,0,0,3,5.23
0,8.28096150886283,1.96,0.21,3.82,0.22,0,1,0,3,1.28
2,7.093508100029041,1.12,2.23,4.08,1.17,0,0,11,3,3.0
5,0.0,3.59,0.1,5.12,0.94,0,1,4,3,5.19
1,5.8854170986499525,3.2,0.27,3.82,2.08,0,1,0,3,1.18
1,0.12403512261442984,1.16,0.21,2.65,0.8,0,1,1,3,-0.56
1,0.0,1.38,0.27,1.69,0.98,0,1,0,3,0.45
0,0.25956197274229,0.0,0.6,6.37,0.72,0,1,2,3,1.67
5,2.3763783295009375,1.28,0.44,6.7,0.98,0,1,10,3,0.9
2,0.0,1.13,0.37,4.99,1.29,0,1,0,1,0.3
0,0.0,1.56,0.2,2.09,1.16,0,0,0,3,3.09
1,0.0,0.0,0.14,3.37,0.83,0,1,0,3,3.31
2,1.8249494726394033,1.48,0.7,0.46,1.62,0,0,0,3,0.6
0,0.027496415474203673,1.58,0.2,1.76,1.42,0,1,0,1,2.39
1,0.0024548402202384523,0.72,2.23,1.86,2.7,0,1,1,1,0.9
5,6.075910163968075,1.23,0.98,3.22,1.24,0,0,9,1,0.15
2,0.4230529933685858,0.11,0.44,4.74,1.23,0,0,19,3,2.75
2,0.0,2.27,0.88,1.1,1.24,0,1,9,1,3.98
0,7.7590030146402285,0.02,0.23,1.26,1.24,0,0,0,1,4.44
2,0.6266815083200896,1.97,0.32,0.77,0.91,0,0,2,3,1.77
5,0.0,2.16,0.57,3.79,0.92,0,0,2,1,0.75
0,0.0,0.0,0.21,1.21,0.99,0,0,9,2,2.75
1,5.166484201441264,0.15,0.64,5.38,1.27,0,0,1,3,5.11
1,7.873670007583357,0.18,0.71,6.1,1.29,0,1,0,1,0.65
1,6.360523844086586,0.06,0.42,1.21,1.28,0,0,13,1,3.24
0,0.7475132224402756,1.07,0.3,5.18,0.65,0,0,0,3,0.12
10,0.056715875244748304,2.32,0.62,1.18,0.85,0,1,9,1,1.49
1,8.363322724747832,1.21,0.25,0.31,2.47,0,0,1,3,0.69
1,0.046858347160124936,2.05,0.59,3.75,1.03,0,0,0,1,0.72
1,6.7283393758547305,1.68,0.32,-1.6,1.53,1,1,0,2,2.22
4,6.051144357273898,0.42,0.31,1.05,1.0,0,0,0,3,-0.14
3,0.0,0.0,0.17,5.7,0.95,0,1,0,3,0.01
4,8.735466163934973,0.0,1.95,4.09,1.19,0,0,0,3,-0.96
1,0.5537800507171511,0.27,1.2,2.98,1.3,0,0,0,3,3.17
1,0.007868393370870308,2.08,0.71,0.48,1.11,0,0,9,1,1.46
0,5.014988888376919,0.73,0.19,1.32,1.4,0,0,0,3,1.22
7,0.20822100712815939,2.58,0.73,2.32,1.42,2,1,1,1,0.58
1,0.5604129008931835,1.0,0.19,-0.45,1.59,0,0,4,3,-0.23
2,0.0,0.43,0.13,0.11,0.84,0,1,1,3,0.09
3,7.479823908475865,2.01,0.16,0.71,0.87,0,1,0,3,0.94
6,0.0,0.0,0.26,2.5,1.25,0,0,0,3,3.67
1,0.0,0.97,0.3,2.64,1.07,0,1,10,1,-0.19
1,8.323743944591655,1.7,0.28,3.44,1.58,0,1,0,1,0.81
0,0.0,1.16,0.83,2.12,1.38,0,1,5,3,4.55
4,3.133110180762472,2.12,0.57,3.55,1.27,0,0,1,2,1.46
1,7.532739486947904,0.86,0.32,5.29,2.17,0,1,0,1,3.58
2,3.2725995488171407,2.46,0.2,2.77,3.2,0,0,0,1,2.29
0,0.0,1.75,1.08,1.05,4.3,0,0,0,3,1.34
5,6.753060670479002,1.93,1.46,0.48,0.56,0,1,1,1,1.78
1,0.0,0.3,0.62,0.62,1.51,0,0,0,3,2.86
2,4.4392478468187875,1.03,0.32,2.34,1.21,0,0,0,3,2.4
8,0.08862409196852639,2.21,0.2,2.86,1.46,0,0,0,3,1.43
0,8.49553030008471,2.53,0.23,-0.93,1.29,0,1,0,3,0.62
5,4.250739364101847,1.33,0.45,3.01,2.3,0,0,3,3,-0.65
2,0.06207616403942495,1.03,0.16,2.12,0.77,0,0,2,3,3.33
3,0.0,0.08,0.51,1.54,1.5,0,0,12,2,1.18
1,6.494910332262492,0.85,0.39,1.18,0.31,0,0,0,1,2.26
2,4.851622663468888,2.06,1.62,2.17,0.86,0,1,2,1,0.06
1,4.679706974878286,0.38,0.15,3.25,1.71,0,1,0,3,2.18
0,6.52322961961832,4.21,0.25,0.4,0.86,0,0,0,1,3.63
2,0.23420035346043733,0.0,2.23,1.22,2.35,0,0,0,3,-0.56
2,0.0,1.95,0.24,2.62,1.79,0,0,0,3,1.59
0,0.45704633091811786,0.42,1.07,7.45,0.92,0,0,2,1,-0.28
1,0.0,0.88,0.79,1.55,0.35,0,1,0,1,0.18
4,0.0,0.1,0.22,2.09,1.25,0,1,2,1,0.98
3,0.12352479018126417,2.38,0.28,3.83,0.6,0,0,0,1,2.15
4,5.135746605460511,0.0,0.24,3.16,1.53,0,0,6,3,4.12
1,0.47977292044633657,0.0,0.23,1.14,0.85,0,0,0,3,1.16
1,0.07506892659772291,0.78,0.21,1.58,0.95,0,1,8,3,-0.26
1,0.0,1.04,1.35,-0.44,1.04,0,1,6,3,1.47
9,0.0,1.4,0.16,2.95,0.85,0,1,2,3,-0.08
0,0.3035221206002632,2.37,0.19,3.71,2.06,0,0,0,3,1.16
4,6.814479161271592,0.0,0.19,2.54,1.09,0,0,0,3,4.72
2,8.21035167486734,2.62,0.44,1.17,1.04,0,1,0,1,0.93
1,0.0,1.98,0.82,0.41,0.6,0,0,0,3,0.47
0,5.924011243777571,1.02,0.43,5.06,1.1,0,1,0,3,2.91
1,5.348728961247971,1.06,0.21,3.49,1.51,0,0,0,1,-0.52
1,0.17932890443971417,0.0,0.17,6.22,0.84,0,1,0,3,2.84
6,0.0,0.32,1.47,4.42,0.87,0,0,8,3,3.46
4,5.1719843294460475,1.04,0.34,2.34,0.88,0,0,0,3,5.55
1,7.693636775770699,1.14,0.49,1.72,0.59,0,0,0,3,0.29
2,6.943456830481082,1.19,0.28,1.55,1.2,0,0,1,3,0.95
0,0.0,0.95,0.3,1.58,0.38,0,1,8,1,1.73
1,0.10323510221827803,2.11,0.17,3.45,2.11,0,0,0,1,0.76
0,0.0,0.33,0.15,0.72,0.89,0,0,0,1,4.94
1,0.31982356383518606,1.86,0.2,3.75,1.36,0,1,0,3,0.33
5,0.33454562677340505,2.17,0.27,0.84,1.68,0,1,14,1,1.04
0,0.0,1.38,0.44,2.61,1.64,0,1,0,3,0.65
4,5.343279911546887,2.64,0.26,4.04,0.76,0,1,0,3,-0.68
2,3.7309429266399974,2.48,0.19,1.0,1.04,0,1,7,1,0.03
4,0.0,1.22,0.2,1.46,1.08,1,0,0,3,0.25
0,0.0,2.12,0.16,0.05,1.98,0,1,17,1,0.63
1,0.0,2.04,0.19,0.57,1.1,0,0,0,1,4.29
0,6.451607187305797,0.0,0.3,3.72,1.49,0,1,11,1,1.23
1,0.0,0.12,0.59,0.37,0.97,0,0,1,3,-0.36
1,0.0,0.21,0.2,0.52,1.75,0,1,19,3,6.06
11,0.0,0.96,0.26,3.08,1.36,0,1,0,1,1.81
2,5.725602633797436,1.4,0.28,2.1,0.87,0,0,12,1,5.07
0,3.7075556647095596,2.08,0.22,1.18,1.82,0,0,4,3,2.98
1,3.0580717338329606,1.96,0.38,1.22,1.3,0,1,23,1,3.59
0,0.0,1.7,0.21,3.06,0.72,0,0,4,2,2.11
4,0.0,1.33,0.22,1.94,1.11,0,1,1,3,1.5
3,2.8436862103311,0.0,0.25,5.16,1.08,0,1,0,3,-0.59
1,0.0,1.92,0.29,3.36,1.57,0,1,0,1,1.56
0,2.4144532122710984,1.9,0.31,1.74,0.88,0,0,0,1,1.2
4,7.693795201201013,2.0,0.28,-0.07,3.22,0,1,0,1,0.08
1,0.6837200321815402,1.52,0.48,3.79,0.73,0,0,0,3,5.37
1,0.6906643068830931,1.86,1.08,4.18,1.24,0,0,0,3,-0.94
1,5.329448376843061,0.0,1.07,3.87,1.7,0,0,2,1,1.74
0,3.908195301017301,0.0,0.23,2.51,1.17,0,1,3,3,0.45
1,0.0,2.01,1.03,1.47,1.13,0,1,0,3,-0.22
1,1.540017539985314,2.35,0.26,3.29,1.28,0,1,6,2,4.05
0,7.1831666224559,0.49,0.77,2.68,1.29,0,1,1,3,1.17
6,0.0,0.82,1.56,2.75,1.16,0,0,1,3,1.66
0,8.110525873250168,4.08,0.36,2.11,0.08,0,0,5,1,0.88
1,0.0,0.69,0.21,0.29,4.35,0,1,3,1,4.65
5,5.0664330709699925,1.5,1.11,4.13,0.96,0,0,0,1,0.36
2,0.5104446350422052,0.0,0.23,0.82,0.96,0,1,0,3,0.75
1,5.632434058364453,1.09,0.77,2.93,2.64,0,0,0,3,0.43
1,8.5638049005248,0.86,0.25,5.76,0.79,0,1,8,1,0.98
1,3.5937693765885967,0.0,0.21,1.1,1.21,0,0,7,1,4.05
0,0.4810345721206204,0.0,0.38,-0.23,2.05,0,0,0,3,1.73
1,0.0,1.1,0.62,0.76,0.55,0,0,0,3,-0.22
1,4.8730309473780835,0.0,2.23,2.96,0.59,0,1,0,3,1.36
0,0.0,0.41,0.17,4.62,0.72,0,1,4,1,0.04
1,6.8004257772877,1.15,0.3,2.79,1.28,0,0,1,3,3.02
11,0.17685333658718605,1.09,0.23,6.61,0.29,0,0,1,3,0.82
2,0.10558471084094379,2.27,0.31,3.99,0.89,0,1,7,1,0.09
4,0.11029056576393259,0.47,0.44,1.76,0.66,0,1,16,2,2.8
5,4.000170578997256,0.14,0.71,0.21,1.27,0,1,0,3,0.5
5,0.023204936124827213,2.58,0.24,1.63,1.12,0,1,1,3,2.9
0,0.0,0.0,0.23,3.05,0.94,0,0,2,3,3.74
2,0.0,0.0,0.34,1.63,1.32,0,1,0,3,0.23
5,6.994577079947604,1.37,1.2,6.85,1.18,0,0,5,3,1.94
0,0.0,1.16,0.98,3.52,1.81,0,0,0,3,1.22
2,6.475193346977065,0.0,0.25,4.08,1.2,0,0,0,3,3.91
1,0.688929254886375,2.63,0.2,2.46,1.4,0,1,0,1,1.27
4,5.490519543056763,2.05,0.19,3.77,1.5,0,1,5,3,0.35
4,0.056044114512843635,0.03,0.2,4.66,2.52,0,0,1,3,3.67
1,0.0,1.95,2.23,3.11,1.34,0,0,3,1,-0.22
4,0.23639181530731435,0.12,0.23,6.61,1.18,0,1,0,1,-0.9
1,0.0,1.39,0.34,6.28,4.23,0,0,3,3,0.37
4,5.60788070298274,0.81,0.22,0.18,1.32,0,0,3,1,-0.14
2,6.352389714593116,1.03,0.26,1.2,0.84,0,0,14,3,2.16
2,3.7909856907322563,1.11,0.3,0.56,1.44,0,0,0,2,3.55
7,0.5690281602781511,1.26,0.89,5.44,1.38,0,1,9,1,6.06
1,0.5073231723497003,0.83,1.25,3.84,1.04,0,0,0,3,0.8
1,2.1826485402544904,0.46,0.19,2.6,1.06,0,0,1,3,3.51
6,8.964649207340557,2.62,0.36,-0.89,0.4,0,1,0,3,-0.21
1,0.0,0.59,0.23,0.54,1.06,0,0,0,1,1.08
0,2.4991079302682095,1.35,0.18,4.82,1.4,0,1,2,3,0.95
1,6.111112919452509,0.16,0.25,-0.28,1.28,1,1,0,1,0.95
1,0.24445499369031154,0.0,1.17,2.55,0.96,0,0,0,3,2.17
1,0.0,1.24,0.21,1.41,1.52,0,0,0,3,-0.22
1,0.31970838738915575,0.61,0.24,1.52,1.4,1,0,0,3,0.84
1,8.41822939059206,1.35,0.77,1.97,2.54,0,0,1,3,0.07
1,0.6108092564033143,3.28,0.77,2.21,0.9,0,0,0,2,1.61
4,5.252710077513555,0.0,0.2,3.65,2.62,0,1,0,3,0.1
3,5.984569478844946,0.33,0.41,4.63,0.55,0,0,0,1,-1.7
1,0.32889586474557575,2.01,0.25,3.72,1.25,0,0,5,3,0.85
1,6.669753869805319,0.03,2.23,1.47,0.63,0,1,1,1,3.58
1,3.87950793667558,1.23,2.23,1.12,0.4,0,1,7,1,2.0
1,0.3843213507350782,1.81,0.57,4.07,3.67,0,0,0,3,1.23
2,0.6352940712469888,0.0,1.98,4.65,1.49,0,0,0,3,2.63
1,0.3969723828958678,1.27,2.15,2.83,2.1,0,1,1,1,1.92
5,0.020067050421630483,2.25,0.2,4.43,0.89,0,0,0,3,5.74
5,0.0,0.0,0.25,2.9,1.3,0,1,4,3,2.01
1,0.11568465576270626,2.23,0.3,4.59,1.26,0,0,1,3,1.32
1,0.0,1.73,0.77,2.99,0.13,0,0,0,3,3.39
0,4.081672563782021,2.15,0.23,1.33,1.41,0,0,20,1,1.58
1,0.15529769960267004,2.11,0.44,2.9,0.09,0,0,1,1,4.42
0,0.4374095614158904,1.91,0.16,3.68,0.33,0,1,7,3,-0.03
6,0.530976877582475,0.0,0.7,7.75,0.37,0,0,3,1,1.54
1,0.0,0.09,0.22,1.88,0.58,0,1,0,1,1.8
2,0.0,0.85,0.53,2.66,4.7,0,1,4,1,1.82
1,1.9151585939539046,1.65,2.23,3.51,0.86,0,0,0,1,0.99
1,0.0,1.01,0.18,2.02,0.09,0,1,0,3,2.35
0,5.738895240002648,1.33,0.22,0.24,0.41,0,0,0,3,3.5
1,0.2265241372970337,1.25,0.76,3.33,0.9,0,0,1,1,-0.72
1,0.28403268410407634,0.0,0.18,3.36,1.46,0,0,0,1,2.03
1,0.3553458028232228,1.69,0.18,1.12,0.08,0,0,1,3,3.22
1,7.914472985184304,1.87,0.2,2.88,1.22,0,0,0,3,1.95
5,0.42838402467312164,1.13,1.6,3.52,1.83,0,0,3,3,1.65
4,0.0,0.66,0.79,3.7,1.17,0,0,0,3,1.55
1,0.3670111150064628,2.07,0.2,5.22,1.55,0,0,1,3,3.45
1,0.0,0.0,0.2,2.46,1.53,0,0,0,1,0.72
0,6.1108191256705595,0.07,0.27,1.44,3.35,0,0,0,3,-0.27
1,0.0,1.62,0.27,0.12,0.76,0,1,2,1,1.68
5,0.299244765572908,1.78,0.38,2.19,0.69,1,1,0,1,0.38
1,0.18939909877742878,0.0,0.32,0.61,3.72,0,0,0,1,1.08
1,0.1399102405606385,0.0,0.69,5.02,0.08,0,0,0,3,1.53
2,7.770884931416376,1.31,0.19,3.45,1.68,0,1,0,3,0.83
1,4.045731270891821,0.0,0.23,3.54,1.54,0,0,0,3,2.13
1,8.287414820518194,1.15,0.53,1.32,1.18,0,1,9,1,1.91
1,0.48698365668582255,2.09,0.7,1.98,2.23,0,1,0,3,4.5
2,0.0,1.96,0.18,2.78,1.33,0,1,0,3,5.67
1,4.286104654101322,2.54,1.34,3.14,0.99,0,1,0,1,0.99
1,7.836814240657063,2.29,0.19,5.42,0.65,0,1,0,1,-0.8
1,0.1068385729775656,1.41,1.28,2.4,0.26,0,1,1,3,3.01
6,0.0,1.41,0.18,3.2,1.32,0,0,0,1,3.6
1,2.3112276568769516,2.08,0.26,4.63,2.59,0,1,6,3,1.35
0,0.0,1.04,0.11,-0.64,3.26,0,1,0,3,1.49
2,7.950085760657743,0.65,1.02,1.78,1.36,0,1,7,3,0.27
4,4.681082439532304,0.0,0.22,-1.96,0.08,0,1,0,3,5.51
2,6.881424706802463,1.82,0.19,1.01,1.34,0,0,1,3,1.2
1,0.0,1.6,0.23,-0.93,1.41,0,0,11,3,0.51
1,0.0,1.79,0.26,1.05,0.9,0,0,0,1,1.83
2,5.0017220406543,1.98,0.18,2.62,2.22,0,0,0,3,0.14
1,6.9266689814414235,1.03,1.08,3.77,1.17,0,0,0,1,2.6
1,5.067513886306514,0.9,0.29,5.2,1.22,0,0,6,3,3.62
5,6.343674200874858,1.14,0.21,0.79,2.1,0,0,1,1,2.06
1,0.0,2.08,0.62,3.29,0.08,0,1,6,1,1.15
1,0.21374469970950827,0.4,1.39,6.94,1.28,0,0,2,1,1.97
0,7.185844543984956,1.15,1.07,1.47,2.17,0,1,3,1,2.76
1,7.900478140748405,1.29,0.2,2.85,1.35,0,1,1,1,2.69
1,0.0,1.98,0.22,2.04,1.4,0,0,0,3,4.62
1,0.0,0.0,0.33,4.95,1.62,0,1,0,1,3.4
0,1.2549577056006882,0.0,0.23,4.47,1.39,0,0,0,1,1.7
1,5.695484670268925,2.48,0.28,1.08,1.26,0,1,0,3,1.07
1,8.610590418706707,1.31,0.75,2.15,0.77,0,0,0,3,0.03
3,0.0,0.0,0.21,5.75,0.89,0,0,0,3,2.16
0,0.0,0.32,0.53,1.6,0.85,0,1,0,3,2.5
0,0.4586136028939478,1.22,0.6,4.87,1.44,0,0,0,3,0.62
0,0.24721359696833645,1.34,0.32,0.99,1.21,0,0,3,1,0.63
2,0.1038219785979777,3.6,0.23,1.37,1.31,0,1,0,3,2.05
1,2.9675855131532103,2.21,0.3,4.45,0.45,0,0,10,2,3.82
1,5.2609422039034115,2.2,0.41,2.03,1.4,0,1,0,2,-0.07
1,3.8577500488863876,0.0,0.23,1.62,0.52,0,0,1,3,3.88
4,4.490444396251917,0.0,0.21,0.31,1.78,0,1,0,3,1.71
1,0.6220456091753306,2.75,0.2,2.59,1.23,0,0,0,3,1.3
3,0.13778288654013693,2.62,2.1,3.47,1.6,0,1,1,1,2.48
1,2.2570052718144495,0.0,0.28,3.99,1.29,0,1,1,3,0.7
1,0.0,2.03,0.32,5.19,2.02,0,1,3,1,-0.45
3,6.936041446518416,1.31,0.24,2.25,3.07,0,0,0,3,5.11
3,0.0,1.44,0.24,0.08,2.61,0,0,2,3,0.71
1,0.0,1.24,0.34,2.53,0.72,0,0,0,1,4.23
0,0.24411031703235153,2.33,0.33,5.0,3.04,0,1,0,3,1.43
2,6.419495192909082,0.0,0.27,-0.19,1.07,0,1,5,3,0.81
4,0.8404426001395962,2.55,0.32,6.83,0.87,0,0,0,3,1.42
4,7.123385630686869,0.17,1.56,-1.76,1.83,0,0,0,1,-0.43
2,7.046188090483469,0.58,0.2,3.59,1.19,0,1,0,1,4.25
1,3.3259946944469476,1.62,0.28,4.21,1.02,0,0,9,1,1.07
1,2.9430634157767344,1.0,0.36,2.69,1.23,0,0,1,1,0.65
1,6.497498720094185,2.64,0.29,4.79,1.21,0,1,0,1,0.18
1,0.0,1.2,0.25,1.89,1.13,0,0,0,1,1.48
0,0.7316560999456385,0.33,1.69,5.88,1.37,0,1,10,2,1.5
1,7.753707771716449,0.98,1.13,6.82,1.74,0,0,0,1,1.25
2,0.3623758244747961,2.13,1.11,4.73,1.23,0,0,0,3,1.42
2,6.4574715188996095,2.42,0.28,1.82,1.32,0,0,8,1,-0.11
6,4.104460040587185,0.62,0.23,1.1,1.53,0,0,0,3,-0.13
1,0.0,0.0,0.17,3.45,0.88,0,1,6,3,1.01
2,0.5514762624872276,0.59,0.21,2.6,1.09,0,1,0,3,0.11
1,0.09897932676481958,2.33,0.2,3.32,0.62,1,1,0,3,1.35
3,0.018269023687494723,0.31,0.2,1.76,1.36,0,0,1,1,1.3
0,3.745393299211486,1.66,0.18,3.74,0.6,0,1,0,3,0.36
0,0.6967553700674642,2.82,2.23,4.83,0.27,0,0,0,1,1.32
0,0.26373201084732045,0.0,0.27,-0.92,1.17,0,0,3,1,1.7
1,0.33330844463736753,0.0,1.69,1.31,1.23,0,0,0,1,3.45
4,2.5444579509197496,1.22,0.92,4.29,0.97,0,1,0,3,2.15
0,0.0,1.68,0.24,2.11,1.63,0,0,0,1,1.16
4,9.055719172055419,2.45,0.31,-0.13,1.31,0,1,1,3,-0.7
0,0.8668530281368447,0.27,0.8,3.2,0.9,0,1,0,3,2.31
4,2.1311242836377744,0.54,0.2,2.09,0.82,0,1,0,3,0.8
1,5.517187997327866,0.0,0.34,1.17,1.13,0,1,0,1,-0.63
2,0.7172812095362247,0.0,0.22,1.66,1.14,0,1,9,3,0.37
2,0.0,0.0,2.13,-1.12,1.07,0,1,5,2,1.58
5,0.0,2.18,0.2,1.39,0.7,0,0,1,1,0.47
0,0.0,1.26,0.78,0.1,3.61,1,1,0,1,5.8
0,0.0,0.32,0.19,3.5,0.98,0,0,0,3,2.99
1,4.712487301812899,0.0,0.11,5.41,0.78,0,0,0,3,-0.53
0,8.556662838763472,1.86,0.81,5.34,1.54,0,0,0,3,1.13
1,0.0,0.01,0.73,3.78,0.72,0,1,0,3,0.38
1,1.1170191179650004,2.81,0.19,-0.12,1.49,0,1,6,1,1.68
0,5.088196644673786,1.2,0.16,1.97,1.52,2,0,1,3,2.36
2,0.6541130126216927,0.14,0.21,4.29,4.2,0,1,0,3,1.2
1,7.638109159733119,0.46,0.23,3.86,0.46,0,0,1,1,2.0
2,3.3490141564405462,0.92,0.23,3.27,0.98,0,1,0,3,3.47
12,0.0,0.35,0.2,4.31,0.92,0,0,0,3,1.62
1,0.5341307522065648,1.84,0.22,3.91,0.45,0,1,0,3,2.04
0,7.018812646619452,1.72,0.19,1.26,1.99,0,1,0,3,1.17
2,0.0,1.07,1.22,4.07,1.15,0,0,0,1,2.01
1,3.934909191764035,0.0,0.19,3.01,1.23,1,1,0,3,0.44
1,5.025549328549673,0.55,0.21,3.53,1.01,0,1,0,3,1.16
1,0.0,0.0,0.26,4.48,1.38,0,0,0,1,1.31
3,0.0,1.09,0.45,5.54,1.38,0,1,12,1,0.3
4,2.7909601709065726,2.12,0.83,1.38,1.94,0,0,0,3,2.52
0,0.0,0.0,0.16,2.8,0.94,0,0,0,3,1.92
1,7.19642957120783,0.41,0.23,-0.62,3.35,0,1,0,3,-0.44
0,6.2309721897167805,1.18,1.68,1.65,0.57,0,0,6,3,3.77
1,0.1599922487709904,2.8,0.3,3.42,2.87,0,1,15,1,1.99
2,0.3288385963869018,0.31,0.28,3.45,1.62,0,0,0,3,1.6
5,0.0,2.18,0.88,-1.58,1.34,0,0,0,1,-0.13
0,0.6865933833544062,3.28,0.21,3.32,0.47,0,0,0,3,2.29
1,0.0,0.01,0.11,4.47,1.2,0,1,0,1,1.27
1,0.05369959577515715,1.41,0.21,3.46,2.92,0,0,1,3,3.39
1,2.7409492260920274,1.29,0.26,-0.22,0.82,0,0,3,3,2.66
2,0.0,1.07,0.56,0.09,2.44,0,1,1,1,-0.29
1,0.0,0.0,0.72,5.31,1.22,0,1,4,3,2.11
2,0.0,2.02,0.55,1.19,0.96,0,1,1,3,4.45
0,1.1919926112606731,1.06,0.58,4.52,0.66,0,1,14,2,5.5
1,2.44243567207738,0.13,0.21,4.98,1.67,0,1,0,3,2.55
2,0.0,2.21,0.31,5.12,1.26,0,0,1,3,2.86
3,0.6969976075411779,0.0,0.3,1.53,0.9,0,0,5,1,0.92
2,0.4141392588832957,0.18,0.22,1.49,1.32,0,1,0,3,2.56
1,0.5349972237687695,2.0,0.22,3.29,0.16,0,0,0,3,2.42
0,0.03616915621292094,0.0,0.18,0.89,1.06,0,1,0,3,1.25
1,3.6445138026043082,2.25,0.13,2.19,2.14,0,1,5,3,2.53
1,0.0,1.02,0.95,3.85,1.13,0,0,0,3,3.04
8,4.9407422109627674,2.16,0.55,2.15,0.64,0,0,2,1,0.73
1,0.0,1.86,1.69,1.52,0.85,0,1,7,3,3.75
1,0.0,2.57,0.32,3.26,2.59,1,0,0,3,2.25
0,2.85953629345876,2.17,0.21,4.89,1.15,0,1,5,1,1.57
0,5.9088460010219706,2.61,0.48,2.53,1.04,0,1,0,3,1.7
4,5.617582181239058,0.55,0.23,5.26,1.18,0,0,1,3,1.64
0,0.0,1.04,0.26,4.23,1.0,0,1,1,1,1.56
2,5.918753508044119,2.59,0.22,3.83,1.15,0,0,0,3,4.18
1,0.6871553624807376,0.0,1.35,1.34,0.88,0,0,0,1,2.82
1,0.0,3.26,0.19,4.86,1.01,0,1,1,3,4.77
1,0.0,1.33,0.52,1.58,1.12,0,0,0,3,1.88
1,0.0,0.0,0.18,2.5,0.7,0,0,0,1,0.56
1,6.917466752334121,0.99,0.21,4.97,1.03,0,0,0,3,2.31
1,8.715619000913634,0.35,0.61,1.92,0.81,0,0,0,3,2.01
0,0.025210560654215897,2.33,0.32,-0.33,1.21,0,0,5,2,-0.88
2,0.0,0.92,0.42,3.81,0.09,0,1,18,1,2.1
4,0.7662510456613774,0.11,0.2,6.81,1.24,0,0,0,3,1.17
1,6.801458016992896,2.31,0.23,4.83,1.37,0,0,1,3,3.22
4,5.475503317059079,0.0,0.75,3.37,1.11,0,0,0,3,1.83
1,0.3961689024997952,1.08,0.19,3.01,2.44,0,1,6,3,1.46
4,0.0,2.23,0.22,-0.11,1.38,0,0,0,1,0.9
3,0.0,0.62,0.51,3.08,1.31,0,0,0,3,1.54
1,6.997454632958878,0.0,0.36,-1.4,0.87,0,1,5,3,3.86
0,5.646448709014251,1.49,0.21,2.79,6.41,0,0,12,1,0.6
1,0.13579272948003052,1.07,0.22,2.16,0.87,0,1,0,1,0.79
2,3.344081838073919,1.35,2.23,2.39,1.1,0,1,0,1,-0.78
4,2.8678415384568723,1.52,0.19,-0.98,1.26,0,1,4,3,2.81
1,0.36946157666490365,1.32,1.11,3.52,1.41,0,1,12,1,0.62
0,0.0,0.0,0.25,1.68,1.12,0,0,1,3,-0.47
0,0.1886389855831112,1.02,0.36,2.84,0.64,0,1,9,2,0.9
1,0.12758917700523398,0.58,0.36,4.49,0.93,0,0,3,3,-0.26
1,0.5721193576121095,1.23,0.35,4.41,1.36,0,1,2,3,1.09
1,0.39683679175017517,0.0,0.21,2.15,3.84,0,0,1,1,1.51
0,3.8763618585206387,1.05,1.2,1.18,0.44,0,1,0,1,1.41
0,8.000536757404717,0.9,0.57,0.81,1.41,1,1,9,3,1.74
1,0.0,1.39,0.98,3.49,1.55,0,1,1,3,0.54
0,4.957648646768249,2.32,1.74,6.28,0.88,0,0,0,1,4.25
4,5.576297975929407,2.49,0.19,0.09,1.05,0,1,11,2,1.8
1,7.806045870085555,0.17,0.15,8.32,3.41,0,0,0,3,2.24
0,7.542966204797352,0.99,0.26,2.79,0.56,0,0,4,1,3.5
2,7.2770931846932,0.22,1.26,2.91,1.32,0,1,0,1,2.29
2,5.5563443718418455,1.04,0.23,-1.51,1.48,0,0,0,1,2.25
1,0.47298177900248106,0.41,0.66,5.68,0.87,0,0,0,3,2.06
1,0.04000372590505208,0.08,0.36,7.04,1.05,0,0,4,1,1.84
1,0.0,1.56,0.9,-0.36,1.79,0,0,0,2,1.08
1,0.0,2.51,0.19,3.99,0.96,0,1,15,1,5.78
1,0.0,1.39,0.84,0.54,0.89,0,1,2,1,0.76
1,0.0,1.65,0.73,0.89,1.49,1,0,0,1,1.53
0,0.4721364564616408,2.09,0.19,2.03,3.28,0,1,0,3,1.43
2,0.07242555839444265,2.21,0.21,2.88,1.42,0,1,3,3,0.8
1,0.0,2.04,0.17,0.12,1.42,0,1,0,3,1.82
5,9.16619280762282,1.11,0.21,4.79,1.09,0,1,0,2,0.19
1,6.946980599485826,0.4,0.87,3.09,1.27,0,0,1,3,3.57
4,0.6389947712258959,2.18,0.22,-1.96,1.18,0,0,8,1,1.3
3,7.703300794438491,0.0,0.47,5.97,0.95,0,1,0,3,0.23
0,5.132509937114065,1.53,0.96,1.49,0.95,0,0,2,3,1.56
1,0.1448984665348263,1.5,0.14,2.09,1.08,0,1,0,1,1.68
1,0.19696548061888564,0.0,0.27,1.51,1.01,0,0,0,3,2.35
0,4.867364000343713,1.13,0.25,0.21,1.4,0,0,13,1,1.98
1,6.507542066264364,2.1,0.41,2.16,0.94,0,0,0,2,1.46
4,0.0,0.86,0.22,2.81,1.47,0,1,0,1,0.86
1,7.723893893619703,1.63,1.77,8.2,1.55,0,0,0,3,-0.46
1,7.377241478939396,0.12,0.14,6.91,1.44,0,0,1,3,0.97
1,8.055821984432342,0.73,0.61,1.97,1.36,0,0,0,3,-0.15
1,0.0,1.42,0.24,1.97,1.09,0,1,0,1,2.7
1,0.4664840447614864,1.26,2.23,3.82,0.69,0,0,2,3,2.54
5,8.547984629236623,0.0,1.87,2.42,1.19,0,0,6,3,2.63
4,0.0,0.86,1.7,4.12,4.25,0,1,0,3,2.56
0,0.26912435895981446,1.28,0.21,2.85,0.91,0,1,9,3,-0.09
0,6.066823706799738,0.18,0.16,1.71,1.16,0,1,0,3,-0.44
1,5.16500394540067,0.2,0.22,1.84,0.97,0,1,0,2,-0.46
2,0.33685487463203856,2.26,0.21,-0.42,1.32,0,1,0,1,0.26
1,4.8501289491158985,0.0,0.27,1.94,1.79,0,0,6,3,4.7
1,0.0,2.22,0.16,2.06,2.58,0,1,0,3,0.88
3,0.25906269064854826,1.38,1.35,-0.07,1.38,0,0,0,3,-0.05
1,5.1337177901666,2.02,1.6,2.74,1.24,0,1,0,1,1.49
1,6.918805495719738,1.44,0.28,3.4,1.59,0,1,23,3,1.19
1,0.04800987792148703,1.92,0.23,5.78,0.68,0,0,0,1,-0.51
1,5.167025838063523,1.63,0.27,3.03,1.05,0,1,0,3,6.06
1,0.0,0.0,0.71,1.02,1.44,0,0,2,1,-0.36
0,5.439281107127286,1.19,0.21,-0.08,1.71,0,0,0,1,1.67
2,0.09671333778138091,1.8,0.59,2.88,1.13,0,1,0,1,2.04
1,0.0,1.48,0.24,2.82,1.17,0,1,1,1,1.3
0,0.0,1.27,0.19,-0.32,1.08,0,1,0,1,1.03
1,0.0,2.46,0.21,1.38,0.77,0,1,0,1,4.39
0,4.622833525543555,2.04,0.19,3.99,0.95,0,1,0,3,2.87
0,0.02779455036252898,0.26,0.31,0.95,2.13,0,1,0,1,-0.34
1,6.655115455355698,1.9,0.23,4.95,1.2,0,1,0,3,1.3
0,3.562779072781993,0.0,0.2,0.22,1.51,0,1,0,3,1.15
1,0.0,2.11,0.25,1.96,3.02,0,1,10,3,0.81
5,4.817150251679678,2.08,0.29,1.43,1.58,0,0,0,1,1.16
2,5.773715920897118,0.0,0.1,2.47,0.8,0,0,1,3,-0.1
1,0.0,0.85,0.21,2.5,1.06,0,0,0,3,1.01
3,5.408019912351776,1.87,0.35,4.79,1.47,0,0,0,2,1.06
1,0.0,2.4,0.28,4.11,2.83,0,1,0,1,1.23
6,0.05172953511579692,1.41,0.25,0.62,0.77,0,0,3,1,-0.08
7,7.2680510194758625,1.16,0.21,1.5,1.11,0,0,2,3,2.44
6,0.0,0.63,0.24,3.91,2.0,0,0,1,2,2.43
1,0.0,1.41,0.27,2.37,1.01,0,1,0,3,0.46
3,3.1056851841274806,1.92,0.25,-0.25,1.37,0,0,0,1,2.04
7,5.533079318751817,1.87,0.18,1.73,0.97,0,0,0,3,-0.4
1,0.7004467872582865,2.2,0.75,-0.05,0.93,0,1,0,1,1.52
1,0.0,0.95,0.47,1.64,2.24,1,0,3,3,-0.51
1,0.05265664991156882,1.36,0.17,3.66,1.41,0,0,5,3,1.56
1,8.010359620959107,0.79,0.2,5.4,0.8,0,0,2,3,0.72
4,0.027059951303314733,1.93,0.18,3.03,0.94,0,1,0,1,0.91
2,0.4813151399425095,0.0,0.26,0.53,1.09,0,1,0,3,0.36
2,0.0,2.12,0.27,0.13,1.07,0,1,1,1,2.26
1,5.7319957899916005,1.99,0.2,4.28,1.22,0,1,1,1,0.79
1,0.5760821991462279,2.72,0.23,3.52,1.61,0,0,0,1,1.2
2,6.4710260403484625,0.0,0.16,2.77,1.02,0,1,0,1,-0.59
1,0.0,1.31,0.74,3.58,1.11,0,1,0,3,1.32
1,0.0,1.21,0.74,3.87,0.86,0,0,3,3,2.81
1,6.107465571309234,0.17,0.23,0.75,1.02,0,0,6,3,2.22
0,2.616596669866638,0.0,0.32,0.21,0.99,0,0,0,3,0.71
0,5.36619586440095,0.04,0.22,-1.75,0.89,0,1,0,1,0.2
1,6.038893570866094,1.51,0.28,1.28,0.56,0,0,5,3,4.29
1,8.000526284131922,2.17,0.22,3.33,0.23,0,0,0,1,0.12
5,0.22302764620371818,2.76,0.25,3.36,1.4,0,0,9,1,5.57
1,1.8321168452171719,2.26,2.23,1.91,1.45,0,1,1,3,0.17
1,0.4802487877937409,2.57,0.3,-0.01,0.88,0,1,0,3,0.76
12,3.688790015532817,5.48,0.27,1.47,1.07,0,1,15,3,5.4
1,5.671947384531066,0.0,0.33,2.72,1.52,0,1,4,3,3.01
0,0.08334976439894604,0.0,0.64,2.16,1.15,0,0,0,3,1.15
1,0.0,2.04,0.25,0.43,0.93,0,0,0,3,0.94
2,4.680591763602891,0.94,0.73,-0.81,1.01,0,0,4,3,1.28
0,0.0,2.46,0.21,-0.1,3.34,0,1,1,3,0.5
2,2.676990043198103,0.74,2.23,4.62,1.08,0,0,7,1,0.19
3,0.0,0.54,0.32,4.39,1.24,0,1,0,3,1.57
3,0.0,1.03,1.48,0.0,1.22,0,0,0,3,0.51
0,1.2903543054652857,0.0,1.74,4.54,1.34,0,0,8,1,0.54
0,5.64423501886273,1.45,0.25,3.2,0.67,0,0,5,3,1.0
1,5.851063507063785,0.94,0.18,1.36,2.0,0,0,0,3,2.35
1,0.0,1.29,0.9,1.37,0.8,0,1,2,3,0.8
1,0.2086798760815043,2.11,0.33,3.67,1.21,0,1,0,2,0.99
1,5.978329935134127,0.73,0.28,3.67,1.05,0,1,0,1,-0.24
1,0.0,1.58,0.63,3.06,0.74,0,1,20,1,1.76
2,0.2702311963544588,0.0,0.39,0.54,1.08,0,0,0,1,0.92
1,7.8333801396430545,0.0,1.98,2.78,1.8,0,0,0,3,3.66
1,5.92392035901446,0.0,0.11,1.86,0.5,0,0,0,3,0.72
2,3.0968942914442152,0.0,2.23,1.21,0.51,0,0,0,1,0.25
3,0.5942703590471723,1.65,0.37,0.16,1.34,0,0,0,3,2.58
2,7.268690397118462,2.25,0.27,1.47,1.04,0,1,0,3,-0.02
5,5.687194233970246,1.31,0.39,4.43,0.77,0,0,4,1,4.43
2,6.167494140942324,1.59,0.32,5.99,2.57,0,1,0,3,0.58
1,0.30374300426603895,2.43,0.41,1.5,1.46,0,0,0,3,2.88
3,1.0646537928132318,2.06,1.21,0.91,1.59,0,1,0,1,3.84
1,0.20219730942095282,1.26,0.22,3.85,0.14,0,0,0,3,0.99
7,0.0,1.13,0.21,2.25,0.3,0,0,2,1,1.11
6,0.0,0.31,0.34,0.61,1.46,0,0,0,3,2.6
1,8.411870611972802,3.04,0.22,2.82,0.82,0,0,1,3,1.72
12,0.6979727510816787,0.0,0.2,3.85,1.1,0,0,0,3,0.91
1,0.0,0.26,0.4,0.91,1.21,0,0,0,3,1.54
1,0.7393998287585362,0.0,0.3,2.13,0.76,0,1,0,1,2.53
2,0.22807136763842095,1.33,0.46,4.96,1.13,0,0,3,3,2.46
1,0.32763942262731405,0.86,0.39,1.8,0.73,0,0,5,1,2.68
4,0.2886169076263201,0.01,0.24,0.46,1.31,0,0,0,3,3.3
0,0.16591491603509212,0.08,0.2,3.96,0.94,0,1,0,1,0.83
1,6.674933384174153,4.5,0.26,-0.62,1.49,0,0,3,3,1.67
1,0.0,0.0,0.31,3.72,1.37,0,0,0,3,1.3
5,8.903178530658309,0.24,0.51,4.2,1.35,1,0,10,3,0.17
5,7.796294607634678,2.19,0.29,3.74,2.72,0,1,0,3,0.04
1,5.088379593195725,0.65,0.33,1.3,1.07,0,0,0,1,0.65
7,1.3946739773997194,1.2,2.2,1.99,1.4,0,1,7,1,-0.79
5,7.402094537476756,1.55,0.13,1.64,1.14,1,1,0,3,0.63
4,3.2486481498626176,0.0,0.2,1.37,1.48,0,0,4,3,0.11
4,0.0,1.47,0.19,6.87,1.03,0,0,0,3,1.8
0,0.0,0.43,0.9,1.98,0.9,0,0,5,1,0.22
1,0.0027614211011552925,2.0,0.26,4.97,0.73,2,1,0,3,1.41
1,0.39830783373379575,2.01,0.25,2.69,0.98,0,0,0,1,-0.27
0,0.0,2.28,0.17,2.64,1.53,1,0,0,3,1.15
0,0.0,0.0,1.99,3.91,0.77,0,0,9,3,0.35
1,0.0,1.3,1.08,0.4,1.8,0,0,0,1,0.58
0,8.071546622652463,1.54,0.24,4.77,1.17,0,0,0,3,2.94
1,0.0,1.95,0.19,2.33,3.34,0,0,2,3,1.47
0,0.0,1.42,1.68,0.01,1.74,0,0,1,1,0.15
1,1.6274708933214583,0.0,2.17,3.59,1.46,0,0,2,3,0.39
1,1.5050950254360203,2.09,0.3,0.87,1.29,0,0,2,3,-0.07
1,6.163196950993907,0.52,0.24,0.62,1.04,0,0,0,3,2.77
5,5.703580546664213,1.37,0.22,2.51,1.35,0,1,0,3,0.98
3,0.0,1.09,1.32,4.73,1.53,0,1,0,1,-0.28
0,0.0,1.11,0.21,-1.96,1.01,0,0,0,3,1.98
1,5.711434589395495,1.05,0.51,4.17,1.24,0,1,0,3,0.05
3,3.4731872036775826,1.29,0.21,3.82,2.95,0,0,5,3,2.34
1,6.240614289921211,1.12,0.22,3.41,1.71,0,0,4,3,4.97
2,0.20423470777929253,0.0,0.2,2.68,0.77,0,0,0,3,3.3
1,1.4909871081944175,0.35,0.19,4.15,0.27,0,1,0,3,0.77
1,0.0,1.43,0.29,0.81,1.48,0,0,1,2,0.0
1,0.4183326010389834,1.27,0.26,4.73,0.32,0,1,0,1,0.62
2,8.2028840591298,0.0,0.2,-0.09,1.4,0,1,4,3,-0.32
0,0.0,0.99,0.21,1.65,0.9,0,0,10,1,0.83
1,0.0,1.92,0.34,5.39,1.08,0,1,0,3,3.28
1,5.962109576015891,1.49,0.26,3.36,1.47,0,1,1,3,1.28
1,3.552043271275437,0.0,2.23,2.66,0.54,0,1,0,1,0.89
5,0.0,1.06,0.24,3.49,0.84,0,0,1,2,-0.41
1,0.0,0.92,0.96,6.13,2.29,0,1,2,1,0.33
1,0.0,1.29,0.17,0.9,0.83,0,0,5,3,1.73
1,4.628270089162186,2.4,2.2,0.6,0.43,0,0,1,3,2.91
6,1.3027827884793766,0.1,0.35,4.85,1.54,1,1,0,3,1.38
1,5.3640635160574135,0.0,0.94,-0.54,0.91,0,0,2,3,2.26
2,0.0,0.3,2.23,0.94,1.42,0,1,4,3,0.54
0,1.8702565669311468,0.55,2.17,1.36,0.77,0,1,0,3,2.94
3,0.0,2.2,0.75,3.5,2.85,0,1,5,3,2.43
1,0.0,0.0,0.23,1.02,0.92,0,1,0,2,1.56
9,8.207293044973227,1.94,0.14,2.14,1.71,2,1,0,1,2.03
2,0.0,2.28,0.45,2.15,1.04,0,1,11,1,2.57
5,5.353724327629166,1.21,0.31,3.26,1.14,0,0,0,3,2.89
0,0.0,1.22,0.42,2.45,0.56,0,1,0,1,4.21
8,0.5124620391614343,0.32,0.23,5.26,0.6,0,1,0,3,2.11
0,0.6364624296372341,0.04,0.27,5.74,1.63,0,1,0,1,1.4
0,0.154174746658029,2.54,0.23,1.42,1.58,0,1,0,3,2.35
1,0.037620941738467195,1.36,0.19,3.16,1.27,0,1,0,1,0.76
1,0.37481403892853393,0.0,0.32,3.81,1.16,0,0,0,1,1.25
1,0.0,2.05,0.32,1.56,1.15,0,1,0,1,1.54
7,3.9360150028355037,2.18,0.26,4.67,1.74,0,0,9,3,1.81
1,0.0,1.56,0.21,4.07,1.38,0,0,0,1,0.21
1,4.894912394331499,1.44,0.66,2.99,0.87,0,0,13,2,2.33
1,4.322805332363345,2.36,0.97,7.77,0.65,0,0,0,3,0.91
6,0.0,2.05,0.26,3.52,2.17,0,1,7,1,3.38
2,0.0,1.47,2.23,3.27,1.25,0,0,1,1,3.11
1,2.7341999891487774,1.2,0.21,0.37,1.73,0,1,10,3,-0.22
4,0.4754336684850955,2.5,0.19,2.77,0.89,0,1,11,1,2.17
0,0.29354073889183496,2.08,0.19,3.59,0.95,0,1,0,3,1.15
1,0.2676471617988909,1.51,0.23,-0.88,1.23,0,0,0,2,0.33
1,8.302966815255587,2.18,0.83,3.58,0.97,0,0,0,3,1.24
2,0.37900978991039835,1.11,1.69,0.73,2.33,0,1,1,3,2.34
3,4.9212298278433195,0.64,0.2,3.31,0.93,0,1,0,1,0.18
0,0.0,0.95,0.27,0.9,1.2,0,1,8,3,1.1
2,0.020771957215373504,0.0,0.26,6.0,2.43,0,1,0,3,0.84
1,0.5212427601432523,0.95,0.13,0.43,1.13,0,0,0,1,-0.06
1,0.0,1.58,0.38,3.67,1.89,1,1,0,3,0.1
4,6.171705645232251,0.0,0.28,6.45,0.81,0,0,2,2,1.6
5,0.0,1.01,0.53,1.81,0.86,0,1,0,1,0.98
5,0.0,2.29,0.12,0.93,0.29,0,0,0,3,-0.02
11,0.0,0.04,0.22,1.3,2.99,0,1,6,3,3.45
2,2.849925000394279,1.52,1.73,5.26,0.14,0,1,0,3,1.6
1,0.0,3.76,0.3,1.44,1.27,0,1,0,3,0.45
1,0.27708878825842476,0.3,0.89,0.15,1.32,0,1,6,1,1.25
1,5.469307022701102,2.22,0.23,3.29,1.21,0,0,0,3,0.39
1,5.092215693744947,2.44,0.15,1.05,1.58,0,1,0,3,1.28
1,0.6284185602671357,1.17,0.19,-0.34,3.11,0,0,1,1,1.09
1,0.3627486303803096,3.97,0.3,5.12,1.31,0,1,0,1,-0.09
1,0.39500116982260636,0.0,0.18,2.25,0.96,0,1,0,1,0.71
0,8.393234049280693,1.15,0.25,7.41,3.23,0,0,0,1,3.02
6,0.05749506934976978,1.78,0.13,4.53,1.19,0,0,2,1,0.44
1,6.629444806603701,0.0,0.66,7.04,1.29,0,1,0,3,3.45
2,0.0,0.42,0.24,0.37,0.96,0,1,0,1,-0.25
1,5.931146889280214,2.48,0.25,4.36,0.9,0,0,3,3,6.06
4,0.0,2.08,0.32,0.15,0.9,0,0,3,3,3.02
1,5.5262936466702115,0.0,0.18,4.7,7.19,0,1,14,3,4.35
1,0.0547290221977903,1.18,0.12,0.36,1.4,0,1,0,3,0.04
1,0.0,0.0,0.13,1.3,1.16,0,0,0,1,-0.05
1,0.041882538901163,2.51,0.16,2.66,2.29,0,1,2,3,0.16
1,3.9240832953598357,1.57,0.49,1.58,0.72,0,1,0,1,1.06
3,6.013898878610348,0.85,1.07,2.92,1.13,0,0,0,1,2.93
3,5.381149813513247,0.87,0.27,5.38,1.85,0,0,1,1,1.41
1,0.8163646083098399,1.29,0.58,3.92,1.25,0,1,4,1,0.44
2,0.0,2.21,2.23,1.56,0.65,0,1,0,3,3.99
1,0.0,2.39,0.15,1.13,0.79,0,0,1,3,2.21
0,0.0,0.0,0.27,2.54,3.46,0,0,0,3,2.09
3,7.6849926089650324,2.48,0.26,2.13,0.44,0,1,0,3,1.1
2,0.0,0.0,0.99,4.61,1.24,0,0,13,1,3.54
6,4.991256978042244,1.89,0.21,3.2,1.59,0,1,0,3,1.46
1,0.0976719970905151,2.13,0.27,2.63,0.54,1,1,12,1,2.24
1,0.0,0.16,0.72,-1.79,1.0,0,0,0,2,2.77
1,6.285437444993931,1.13,0.22,2.1,1.08,0,0,0,1,2.65
3,5.029450516135881,0.0,0.22,1.77,1.06,0,0,0,3,3.41
0,0.0,1.15,0.39,1.46,2.38,0,1,1,1,1.23
1,2.933607996533482,2.02,0.5,2.05,1.37,0,0,0,1,0.29
