0,1,2,3,4,5,6,7,8,9,10,11,12,13,14,15,16,17,18,19,20,21,22,23,24,25,26
1.5892712,0.28564978,0.99452096,0.0,30.000753,53.977337,159.76042,21.09982,1144.0187,1312.6016,1.0012832,0.0,0.0,0.0,0.0,3431.8264,267.9435,237.98973,257.0171,104.98342,183.97188,1.0009412,0.0,0.9950394,0.0,1.000589,0.0
1.5881689,0.2853243,0.9916082,0.0,30.005566,53.97724,158.93997,21.099764,1143.8812,1312.559,0.9977619,0.0,0.0,0.0,0.0,3432.8074,267.9393,237.97623,256.96713,105.02259,183.87431,1.006645,0.0,0.9946605,0.0,1.0028284,0.0
1.5878669,0.28529996,1.0096246,0.0,29.991936,53.980118,158.89975,21.10027,1143.8228,1312.5383,1.0107274,0.0,0.0,0.0,0.0,3433.1392,268.07748,237.88078,256.96692,104.850365,183.84604,1.0084896,0.0,0.9929353,0.0,0.9949715,0.0
1.5903902,0.28619146,0.99007213,0.0,29.991358,53.98286,158.76472,21.100895,1143.8043,1312.5305,1.0107476,0.0,0.0,0.0,0.0,3433.536,267.90112,238.14375,257.0421,105.34959,183.70723,1.0088302,0.0,0.99263763,0.0,1.0078301,0.0
1.5903946,0.2851654,1.0104057,0.0,29.98946,53.99141,162.10287,21.101439,1143.7664,1312.5072,1.0115525,0.0,0.0,0.0,0.0,3433.8984,268.10574,238.2075,256.9575,105.399254,183.6569,1.0094582,0.0,0.9911732,0.0,1.0108893,0.0
1.5904628,0.28628778,1.0131123,0.0,29.98839,53.96256,157.89862,21.09804,1143.6652,1312.6937,1.0152472,0.0,0.0,0.0,0.0,3433.9026,267.81506,237.74188,256.95013,105.477036,183.62068,1.0124751,0.0,1.0106953,0.0,1.012007,0.0
2.7872546,0.29999253,1.0009506,0.0,20.91982,52.16026,162.56076,19.71072,1109.3988,1342.553,1.0015975,0.0,0.0,0.0,0.0,3328.0396,333.969,73.02397,180.0008,138.99907,113.0248,0.0,1.0113388,0.0,0.9996752,0.0,0.9969906
2.7878804,0.2999733,1.0013996,0.0,21.102745,52.17258,162.54056,19.68677,1109.2339,1342.5225,0.99818933,0.0,0.0,0.0,0.0,3327.206,334.03955,73.025536,180.0274,138.98802,113.05232,0.0,0.98506385,0.0,0.9992709,0.0,1.0040435
2.7863832,0.29995587,1.0014753,0.0,20.865253,52.1534,162.58276,19.714375,1109.9872,1342.4929,1.0056494,0.0,0.0,0.0,0.0,3326.8513,333.94022,73.03115,180.06885,138.98453,113.06427,0.0,0.9837697,0.0,1.0019418,0.0,1.0048271
2.7861829,0.2998836,1.0021418,0.0,21.13542,52.151997,162.53627,19.678886,1110.1243,1342.722,1.006608,0.0,0.0,0.0,0.0,3326.5662,334.08194,72.96403,180.07492,138.97575,112.93541,0.0,1.020872,0.0,1.0142667,0.0,0.9937597
2.788717,0.29981697,1.0021759,0.0,21.15463,52.15111,162.53336,19.72128,1110.1715,1342.4745,1.0067086,0.0,0.0,0.0,0.0,3329.6077,334.10526,72.96333,179.8964,138.97025,113.06816,0.0,0.9725471,0.0,0.98568946,0.0,0.9909934
2.7859752,0.29975486,1.0027416,0.0,20.679367,52.176414,162.5869,19.677492,1110.2001,1342.4604,0.98870975,0.0,0.0,0.0,0.0,3330.0117,334.13107,72.94689,179.87209,139.0436,112.93046,0.0,0.9615575,0.0,1.0155089,0.0,0.9909039
0.3703065,0.59281075,0.0,1.0009675,21.01652,79.37874,182.88776,23.700636,2874.7751,1910.108,0.0,0.99465054,0.0,0.0,0.0,8625.201,751.9565,196.95837,257.99594,445.99796,312.98816,1.0020875,0.0,0.0,0.9996598,0.9992058,0.0
0.37146127,0.5928024,0.0,0.99425,21.035395,79.37626,182.89024,23.6988,2876.7874,1910.0739,0.0,0.99268657,0.0,0.0,0.0,8625.157,751.76605,197.0707,257.96472,445.9522,313.03625,0.9974887,0.0,0.0,1.0072759,0.99434996,0.0
0.3659256,0.59266204,0.0,0.9932719,20.776682,79.374596,182.84549,23.70203,2877.127,1910.045,0.0,1.0078222,0.0,0.0,0.0,8628.845,751.6837,196.9269,258.052,446.09952,313.0515,1.0032926,0.0,0.0,0.9853696,0.9936092,0.0
0.36578542,0.592372,0.0,0.99201536,20.767736,79.373055,182.91727,23.697706,2874.1826,1910.3694,0.0,0.9917221,0.0,0.0,0.0,8624.73,751.509,197.07317,258.10474,445.83267,313.05396,0.99266547,0.0,0.0,0.9852687,0.9928233,0.0
0.37543494,0.59218436,0.0,1.0084217,20.701063,79.369865,182.84251,23.703777,2877.7102,1909.8705,0.0,1.0103288,0.0,0.0,0.0,8629.471,750.95844,197.1009,257.8766,445.72388,313.0778,1.0127683,0.0,0.0,0.9845823,0.98941255,0.0
0.37561104,0.59214336,0.0,0.98956037,20.649118,79.36848,182.83926,23.703787,2872.923,1909.8245,0.0,1.0107911,0.0,0.0,0.0,8623.071,750.94867,196.89368,258.12817,446.29257,313.14484,1.0135041,0.0,0.0,1.017994,0.9857421,0.0
0.646483,0.32924867,1.0020772,0.0,23.000301,58.9674,162.56155,22.299232,2206.0134,1396.9211,1.0030252,0.0,0.0,0.0,0.0,6617.9937,463.97794,50.010128,160.00337,203.95093,174.00139,0.0,1.000363,1.001072,0.0,1.0006986,0.0
0.64796966,0.329406,0.9974672,0.0,22.998863,58.96516,162.57045,22.298826,2205.8484,1396.9454,1.0050956,0.0,0.0,0.0,0.0,6618.0103,464.0281,49.980568,160.02835,204.05019,174.00522,0.0,0.99961746,0.99627155,0.0,0.9973851,0.0
0.6487987,0.32907024,1.0033125,0.0,23.003471,58.96489,162.57452,22.297022,2205.7983,1396.9657,1.0067452,0.0,0.0,0.0,0.0,6618.3804,463.92905,50.043327,160.05464,203.92245,174.00769,0.0,1.0010005,0.9944896,0.0,0.99624693,0.0
0.64921355,0.32950106,0.9903444,0.0,23.003962,58.96335,162.57924,22.29601,2205.7793,1397.0078,0.9913951,0.0,0.0,0.0,0.0,6619.7075,464.10272,49.94494,160.06216,203.90187,174.01909,0.0,0.9967342,0.992215,0.0,0.9917525,0.0
0.6494373,0.32897258,1.0107965,0.0,22.993818,58.962624,162.58017,22.295378,2206.23,1396.7864,1.0127945,0.0,0.0,0.0,0.0,6615.9985,463.89,49.925583,159.91031,203.89714,173.97853,0.0,1.0037191,1.0088475,0.0,0.9882694,0.0
0.6499974,0.32893628,0.98844326,0.0,23.0062,58.960815,162.53868,22.307293,2205.7405,1397.1333,1.0145345,0.0,0.0,0.0,0.0,6615.849,464.12448,49.923195,160.09245,204.10367,174.02863,0.0,1.0070299,1.0114923,0.0,0.98604447,0.0
18.873983,0.5928907,1.0011548,0.0,23.999868,44.85071,159.8881,17.501854,2219.9531,1254.602,0.0,1.0030816,0.0,0.0,0.0,6660.02,69.96241,277.00156,40.98331,248.03424,196.00746,0.0,1.0012295,0.9993742,0.0,1.002013,0.0
18.897383,0.5928971,1.0058408,0.0,23.99902,45.014305,160.18562,17.498108,2220.0762,1254.5652,0.0,1.0057403,0.0,0.0,0.0,6659.936,69.79303,277.06348,40.97756,247.95795,195.9828,0.0,0.99687797,1.0030233,0.0,0.9956317,0.0
18.85672,0.59253556,0.9938497,0.0,23.998621,45.02661,160.19998,17.502983,2220.1753,1254.562,0.0,0.991277,0.0,0.0,0.0,6660.0884,69.44607,277.06415,40.794735,247.92863,195.89647,0.0,1.0034795,0.99467534,0.0,1.0053493,0.0
18.845974,0.5923825,1.0062894,0.0,24.001616,44.776737,159.74242,17.504963,2220.188,1254.538,0.0,1.011705,0.0,0.0,0.0,6659.9062,69.40094,277.1085,41.275593,247.92006,195.89586,0.0,0.99543995,0.98255736,0.0,1.0053674,0.0
18.936476,0.5933428,1.0072562,0.0,23.99807,44.768333,160.53229,17.506323,2220.22,1255.055,0.0,0.9881381,0.0,0.0,0.0,6659.5654,69.36344,277.11188,41.276176,247.90123,195.84149,0.0,1.0090024,0.98228383,0.0,1.006631,0.0
18.938623,0.5933797,0.99270326,0.0,24.00214,44.766552,159.40019,17.49246,2220.2778,1255.0908,0.0,1.012241,0.0,0.0,0.0,6660.481,68.9986,277.17264,40.574104,247.89076,195.81258,0.0,0.9889251,1.0212709,0.0,1.0161928,0.0
1.0135111,0.21789171,1.0017463,0.0,21.98879,51.711887,157.48314,20.899302,820.0523,1318.3628,0.0,0.0,0.9988589,0.0,0.0,2458.6475,225.01234,114.000885,115.9933,84.96746,73.04606,0.0,0.9991563,0.9976255,0.0,0.0,0.99963415
1.0131801,0.21700011,1.0031551,0.0,21.939468,51.712612,157.48798,20.900745,819.38855,1318.2632,0.0,0.0,1.001676,0.0,0.0,2457.9282,224.9641,113.97175,116.09271,84.946785,73.06538,0.0,0.99870574,0.99530995,0.0,0.0,1.0015249
1.0128973,0.21834137,0.9923454,0.0,21.895048,51.713688,157.48827,20.900764,819.14764,1318.5625,0.0,0.0,1.0030792,0.0,0.0,2463.0205,224.93085,114.03085,116.104004,85.05375,72.90386,0.0,1.0028207,1.0057582,0.0,0.0,0.9971277
1.0121895,0.21649043,0.98875386,0.0,21.872595,51.704807,157.48837,20.898445,820.9461,1318.2286,0.0,0.0,0.996166,0.0,0.0,2466.1685,224.88983,113.96785,115.89202,85.06692,72.87306,0.0,0.99575007,0.9881665,0.0,0.0,1.0040863
1.0106899,0.21643277,1.0151409,0.0,21.828276,51.719128,157.48918,20.898403,821.683,1318.214,0.0,0.0,1.0044523,0.0,0.0,2466.401,225.1481,114.053314,115.88356,85.14638,73.14417,0.0,0.9862569,1.0137137,0.0,0.0,0.98914427
1.0098888,0.21881881,1.0162129,0.0,21.723253,51.719433,157.49626,20.897896,817.51337,1318.1898,0.0,0.0,0.995261,0.0,0.0,2468.2756,225.20137,113.94201,116.12471,85.235214,72.76441,0.0,1.0160501,0.9829521,0.0,0.0,0.98257375
1.14063,0.49586877,0.0,0.99507815,31.007301,81.65304,167.91415,29.100359,2205.9814,1810.7793,0.0,0.0,0.0,1.0002704,0.0,4840.048,286.00458,412.9493,240.00258,273.0412,178.9894,0.0,0.99851614,1.0002506,0.0,1.0004679,0.0
1.1402624,0.49561545,0.0,1.0053118,31.00996,81.65868,167.11673,29.10076,2205.9355,1810.8264,0.0,0.0,0.0,1.0009949,0.0,4840.057,285.99246,412.87915,240.00746,272.92996,179.02058,0.0,0.99826413,0.9989864,0.0,1.0009135,0.0
1.140042,0.49674138,0.0,0.9946399,30.986937,81.65936,166.95497,29.098248,2206.0696,1810.9448,0.0,0.0,0.0,0.99871093,0.0,4840.434,285.95694,412.81943,239.9882,272.89444,179.02371,0.0,1.0018351,1.0098305,0.0,1.0077281,0.0
1.1396394,0.49557102,0.0,1.0063388,31.015923,81.65984,168.8754,29.098196,2206.13,1810.2778,0.0,0.0,0.0,1.0032656,0.0,4840.5747,286.04572,413.58487,239.97575,272.8879,179.02885,0.0,1.0019864,0.98694545,0.0,0.9892839,0.0
1.1417204,0.4969197,0.0,0.99247,31.019323,81.6323,166.07568,29.101898,2205.803,1810.2009,0.0,0.0,0.0,1.0064948,0.0,4840.851,286.05316,412.06915,240.03542,272.86633,179.03017,0.0,1.0041525,1.0144881,0.0,0.98035586,0.0
1.1421146,0.49701282,0.0,0.99212146,30.97642,81.63173,164.97797,29.096674,2206.241,1811.2708,0.0,0.0,0.0,0.9934671,0.0,4839.111,285.9389,413.9769,239.96436,273.16458,178.9504,0.0,1.007414,0.9772624,0.0,1.0252924,0.0
5.1801043,2.007118,1.0042052,0.0,24.999125,49.897057,154.94078,20.80037,1587.3717,1280.7417,0.0,0.0,1.0005038,0.0,0.0,3993.988,224.99886,142.00255,287.00677,191.0028,146.99666,0.0,0.9966956,1.0004821,0.0,1.0017976,0.0
5.1791525,2.0068107,0.99536073,0.0,25.005745,49.892414,154.94583,20.799309,1587.6926,1280.6023,0.0,0.0,0.99911153,0.0,0.0,3993.5168,225.00426,142.03078,287.01758,191.0048,147.0109,0.0,1.004478,1.0010989,0.0,1.0024143,0.0
5.1820345,2.006381,1.0070262,0.0,25.006975,49.892292,154.9339,20.801105,1587.7137,1280.5935,0.0,0.0,1.0016979,0.0,0.0,3994.5776,225.01247,141.96016,287.0647,190.9838,146.97386,0.0,0.9946046,1.0022405,0.0,1.0042266,0.0
5.178436,2.0122485,1.0075742,0.0,24.99169,49.88427,154.93161,20.798681,1587.7876,1280.5935,0.0,0.0,0.99527395,0.0,0.0,3994.987,225.02652,142.05835,287.13135,191.02278,147.03091,0.0,1.0099084,0.9963337,0.0,0.99137145,0.0
5.1766434,2.0126374,1.0078007,0.0,24.99149,49.90938,154.92941,20.802046,1586.8708,1280.5721,0.0,0.0,1.005056,0.0,0.0,3992.942,225.09323,142.06444,286.8597,191.02576,147.05869,0.0,1.011947,0.9944867,0.0,1.0089686,0.0
5.184178,2.0135539,1.009882,0.0,24.989952,49.876766,154.95523,20.797901,1586.8333,1280.4655,0.0,0.0,0.9930117,0.0,0.0,3992.7356,225.20349,142.08302,286.84363,191.03209,146.91545,0.0,0.98486936,0.9926965,0.0,1.010498,0.0
3.5748138,2.8723316,1.0007513,0.0,28.999676,51.254276,167.31046,18.200747,1592.9852,1315.4744,0.0,0.99948955,0.0,0.0,0.0,4779.02,148.96165,412.89047,334.0098,140.96707,203.00325,0.0,0.98970383,1.000715,0.0,1.0066315,0.0
3.575861,2.8721762,1.0027479,0.0,29.000843,51.254185,167.06923,18.199053,1592.9526,1315.5302,0.0,1.003401,0.0,0.0,0.0,4778.475,148.92882,413.2488,334.1124,141.03922,203.00848,0.0,0.98200405,0.99844825,0.0,1.0147994,0.0
3.571997,2.8740115,0.99584705,0.0,29.002207,51.253796,166.37727,18.206722,1592.8363,1315.5327,0.0,0.99647266,0.0,0.0,0.0,4779.5347,148.38634,413.28146,333.79346,140.95892,202.9849,0.0,0.98066705,1.0058526,0.0,0.98381764,0.0
3.578358,2.8769457,0.9939628,0.0,28.997194,51.25843,166.12932,18.209757,1592.831,1315.464,0.0,1.0042652,0.0,0.0,0.0,4778.099,148.2956,412.3398,333.78812,141.0566,203.01869,0.0,0.9772785,1.0071573,0.0,0.98380274,0.0
3.5705376,2.869038,1.0079575,0.0,29.003428,51.252457,169.79895,18.211887,1593.1884,1315.5607,0.0,0.9956575,0.0,0.0,0.0,4780.099,149.75229,412.3022,333.78452,140.91342,202.9748,0.0,1.0235331,1.0082123,0.0,0.98297304,0.0
3.569784,2.8774016,1.0086951,0.0,29.00426,51.26058,170.64085,18.184141,1593.2356,1315.5848,0.0,1.0055084,0.0,0.0,0.0,4780.3525,148.02867,413.84387,333.7269,140.90053,203.03369,0.0,1.0236958,1.0103735,0.0,1.0202858,0.0
1.8264767,2.85413,0.0,1.0027884,29.999393,86.63984,170.18,29.899014,2281.3335,1895.4073,0.0,0.0,0.99984026,0.0,0.0,6843.9385,437.977,142.00188,89.03147,523.90576,234.98456,0.0,1.0083716,0.0,1.0037497,0.0,0.99959666
1.8259834,2.8541317,0.0,1.0090282,30.002968,86.6416,170.18,29.901388,2281.3962,1895.4604,0.0,0.0,0.9970367,0.0,0.0,6843.8213,438.03574,142.0037,88.93974,524.15436,235.01894,0.0,1.0096536,0.0,0.99484235,0.0,1.0021724
1.8268442,2.8509684,0.0,1.0098506,30.004631,86.62939,170.18,29.901537,2281.269,1895.5034,0.0,0.0,0.9961453,0.0,0.0,6843.5,437.95383,142.0054,89.068405,523.7625,234.96597,0.0,0.9897232,0.0,0.9947637,0.0,0.9959208
1.824806,2.8496892,0.0,0.98959374,29.990698,86.629036,170.18,29.905039,2281.2205,1895.2921,0.0,0.0,1.0045042,0.0,0.0,6843.3594,438.0697,141.9942,89.13264,524.40436,235.03806,0.0,1.0113088,0.0,1.0058148,0.0,1.0075043
1.8241873,2.8494456,0.0,1.0109795,30.009829,86.626854,170.18,29.905054,2281.5447,1895.2897,0.0,0.0,0.99035466,0.0,0.0,6844.7964,437.92264,141.98593,89.13643,524.47437,235.06749,0.0,0.9869147,0.0,1.011707,0.0,1.0089414
1.8239346,2.8493333,0.0,1.0157672,30.012127,86.645905,170.18,29.891262,2281.5498,1895.5219,0.0,0.0,0.9858708,0.0,0.0,6843.085,438.13498,142.01978,89.136566,523.0984,234.90105,0.0,1.0132805,0.0,1.0121596,0.0,1.0095048
9.263761,1.7932296,0.0,0.999952,28.0005,84.82148,172.72185,28.398947,1939.3848,1894.5731,0.0,0.99954844,0.0,0.0,0.0,5817.1074,467.976,264.99286,340.9698,225.00233,227.00563,0.0,1.003741,1.0025582,0.0,0.99817556,0.0
9.262206,1.7933456,0.0,0.99941736,27.998777,84.82084,172.71797,28.398727,1939.1217,1894.7598,0.0,0.9992734,0.0,0.0,0.0,5819.4067,468.02786,265.14172,340.83646,224.99149,227.03217,0.0,1.0042869,0.99422127,0.0,1.0034567,0.0
9.259306,1.79263,0.0,1.0008868,28.004301,84.823235,172.7244,28.398693,1939.5969,1894.3337,0.0,1.0046666,0.0,0.0,0.0,5819.532,467.96463,264.73712,340.79312,224.98643,227.0331,0.0,0.9955108,0.9881733,0.0,1.0037826,0.0
9.267689,1.7935711,0.0,0.9923267,28.004803,84.819405,172.71523,28.398386,1939.608,1894.3004,0.0,1.0080296,0.0,0.0,0.0,5815.886,467.95505,264.5575,341.2209,224.98438,227.04855,0.0,0.9900765,1.0124336,0.0,0.9925629,0.0
9.2716875,1.7936859,0.0,0.9910864,27.995033,84.81813,172.72523,28.40297,1938.9084,1895.052,0.0,1.0098414,0.0,0.0,0.0,5821.457,467.95392,265.5218,340.7124,224.98108,227.06078,0.0,1.0100304,0.98626685,0.0,0.9825612,0.0
9.2756,1.7922025,0.0,0.9892398,27.99402,84.81378,172.71365,28.39574,1938.8041,1895.0636,0.0,0.9896109,0.0,0.0,0.0,5813.4272,467.95312,265.5502,340.6246,225.02475,227.06749,0.0,1.0124578,0.98447645,0.0,1.0190489,0.0
1.4036711,4.49285,0.0,1.0060294,28.999252,89.80516,175.25243,29.20006,2251.6558,1967.9454,0.0,0.0,1.0035882,0.0,0.0,6754.9644,288.00717,507.9834,240.0005,303.9583,285.04898,1.0029286,0.0,1.0027403,0.0,0.9950058,0.0
1.4039797,4.4906597,0.0,0.9936661,28.997807,89.80108,175.26773,29.1969,2251.6487,1968.2263,0.0,0.0,1.0039281,0.0,0.0,6755.0503,287.98907,508.0587,239.99709,304.04474,285.08368,1.0129504,0.0,0.99625933,0.0,0.99278945,0.0
1.403634,4.4934235,0.0,0.9915597,29.004198,89.79834,175.27107,29.20548,2251.627,1967.668,0.0,0.0,1.0045954,0.0,0.0,6754.9214,287.98895,507.20084,239.98933,304.08624,285.15485,0.9819859,0.0,1.0056766,0.0,0.9891936,0.0
1.403437,4.4937286,0.0,1.0091939,29.00521,89.79801,175.24504,29.205582,2251.5713,1968.3757,0.0,0.0,1.0065694,0.0,0.0,6754.5923,288.01138,506.93475,240.01381,304.09314,285.15802,0.9752971,0.0,1.0066962,0.0,0.98465204,0.0
1.404241,4.489119,0.0,0.98833257,29.006998,89.82573,175.278,29.19278,2251.8481,1968.395,0.0,0.0,1.0077662,0.0,0.0,6754.423,287.98483,506.87198,239.98459,303.893,284.8392,0.97389764,0.0,1.0110861,0.0,1.0200132,0.0
1.4042467,4.488523,0.0,1.0139399,29.007664,89.79594,175.27864,29.20744,2251.3875,1967.5739,0.0,0.0,1.0085105,0.0,0.0,6755.5776,288.02853,506.79263,239.97539,303.86945,284.78305,1.0281317,0.0,0.98084074,0.0,0.9799519,0.0
1.2286977,0.8752064,0.0,1.0003824,27.00003,72.57539,172.71764,24.299547,1673.0403,1736.1595,0.0,0.0,0.9901637,0.0,0.0,5018.8926,217.10428,222.00577,34.979,189.0015,131.00452,0.0,1.0053378,0.9993825,0.0,1.0006326,0.0
1.2284213,0.875834,0.0,1.0022398,26.999521,72.57359,172.71681,24.300577,1673.0591,1736.1099,0.0,0.0,1.0106329,0.0,0.0,5019.9272,216.88281,221.98482,34.96333,189.0145,130.98997,0.0,0.99318403,0.9983675,0.0,0.9991496,0.0
1.2283448,0.8759571,0.0,1.0035138,26.9984,72.57016,172.71643,24.30119,1672.8928,1736.0963,0.0,0.0,1.0112978,0.0,0.0,5019.943,216.8574,222.0187,35.062492,188.98335,131.01544,0.0,0.99288017,1.0049418,0.0,0.99296486,0.0
1.2289027,0.8728018,0.0,1.007014,26.996767,72.56931,172.72661,24.298597,1672.7892,1736.5209,0.0,0.0,1.0118016,0.0,0.0,5018.0444,217.16447,221.97884,34.858727,189.01895,131.02193,0.0,0.99202746,1.0070003,0.0,1.012595,0.0
1.2275865,0.87262803,0.0,0.9925881,26.99471,72.5637,172.71028,24.30282,1673.3625,1736.6074,0.0,0.0,1.0143917,0.0,0.0,5017.6113,217.27908,222.04054,34.82484,188.97716,131.06107,0.0,0.9895002,0.99260306,0.0,0.9871906,0.0
1.2271411,0.87879735,0.0,1.00906,26.994188,72.56061,172.73148,24.302881,1673.3673,1735.9612,0.0,0.0,0.98311317,0.0,0.0,5020.561,217.30519,221.93854,34.806934,188.95726,131.06767,0.0,1.0110615,1.0079545,0.0,0.9838984,0.0
7.666807,2.548512,0.0,0.99619335,20.009325,83.90176,182.88187,25.100042,4973.1265,1976.7709,0.0,0.99820143,0.0,0.0,0.0,14942.259,1013.8594,71.00212,276.00253,639.7157,443.6723,0.0,1.0046086,0.0,1.0016615,0.9982834,0.0
7.671001,2.5489519,0.0,1.0046433,19.941008,83.92965,182.89265,25.099358,4987.953,1976.8171,0.0,0.99514323,0.0,0.0,0.0,14924.628,1014.4605,70.99402,275.99533,640.7632,444.4996,0.0,1.0128282,0.0,1.0052379,0.99799156,0.0
7.650169,2.5492473,0.0,1.0071684,19.892994,83.9328,182.90086,25.100897,4957.3906,1976.8826,0.0,0.9948375,0.0,0.0,0.0,14917.395,1013.27155,71.00992,275.9784,639.16895,442.97052,0.0,0.97827893,0.0,0.993985,0.99270564,0.0
7.67738,2.5478806,0.0,1.0076748,20.137108,83.89154,182.85533,25.102367,5004.3115,1976.5162,0.0,0.99371517,0.0,0.0,0.0,14913.29,1013.22864,71.0124,275.96155,639.0912,442.72992,0.0,1.0303631,0.0,1.0088652,0.9922835,0.0
7.680243,2.5502114,0.0,0.98888826,20.184843,83.88932,182.82962,25.097393,4953.746,1976.4559,0.0,0.9890446,0.0,0.0,0.0,14886.874,1013.0798,70.98659,276.04666,635.55884,445.8663,0.0,1.0383893,0.0,1.0158818,0.9920745,0.0
7.644244,2.5464733,0.0,1.0143057,19.791363,83.942345,182.93637,25.102713,4946.8813,1976.9976,0.0,0.98825276,0.0,0.0,0.0,14884.302,1015.1868,70.98373,275.9434,635.4813,445.92606,0.0,0.96129394,0.0,1.0172437,0.9918382,0.0
2.0910816,0.62208927,0.9978126,0.0,20.987257,70.75647,167.06041,25.200119,1721.1254,1530.1353,1.0037355,0.0,0.0,0.0,0.0,5162.8457,644.05804,32.97239,239.99638,132.00838,178.9996,0.0,1.000775,1.0004369,0.0,1.0009166,0.0
2.0906346,0.6221742,1.007483,0.0,21.026182,70.75252,166.78302,25.199574,1721.2784,1530.7856,1.0038456,0.0,0.0,0.0,0.0,5164.4126,644.0939,32.941185,240.014,132.01929,179.00069,0.0,1.0039192,0.9966121,0.0,0.99791324,0.0
2.0943112,0.6222795,1.0110825,0.0,21.093775,70.78025,169.17853,25.199438,1720.6681,1529.7968,0.9957297,0.0,0.0,0.0,0.0,5164.756,644.0955,32.92441,239.9715,132.02528,178.9969,0.0,1.0055153,1.0087559,0.0,0.99673265,0.0
2.08861,0.6223841,0.987091,0.0,21.110611,70.78079,169.42044,25.200966,1721.3577,1530.8927,0.9926234,0.0,0.0,0.0,0.0,5164.9854,644.1341,33.085472,240.04134,132.02805,178.99583,0.0,0.9839961,0.9890146,0.0,1.003432,0.0
2.0948212,0.6225373,0.98330116,0.0,21.19043,70.737114,165.72229,25.199003,1720.5598,1531.064,0.9922005,0.0,0.0,0.0,0.0,5165.214,643.8365,33.087997,239.95569,131.96657,179.01013,0.0,1.0169507,1.0155332,0.0,1.0052022,0.0
2.0951738,0.6215224,0.9794389,0.0,20.807,70.73197,169.78629,25.198904,1720.5128,1529.4397,0.98844427,0.0,0.0,0.0,0.0,5160.587,644.2449,33.089634,239.94365,132.04724,179.01698,0.0,0.9810061,1.0155869,0.0,1.0064886,0.0
4.8598247,0.4199685,0.99998784,0.0,22.035341,58.062984,160.06558,22.698381,2259.6853,1384.9844,0.0,0.0,0.0,0.99980015,0.0,6778.933,592.0327,119.060135,265.99997,272.99936,333.0011,0.0,1.0002576,0.9985598,0.0,1.0023897,0.0
4.8632803,0.41993934,0.9990312,0.0,22.161226,58.05218,160.29747,22.70195,2259.6929,1385.04,0.0,0.0,0.0,0.9992792,0.0,6778.9033,591.91187,118.8966,266.01343,273.02,332.94525,0.0,0.9985505,0.99850035,0.0,0.99244905,0.0
4.8591404,0.41980788,1.0042142,0.0,21.598162,58.05133,159.60986,22.698011,2259.6006,1384.9204,0.0,0.0,0.0,1.0008976,0.0,6778.775,592.0959,118.84601,266.01486,273.02652,332.94492,0.0,1.002602,1.0032088,0.0,1.0089126,0.0
4.857149,0.42024004,0.994399,0.0,21.506523,58.06963,159.3782,22.695908,2259.7688,1385.127,0.0,0.0,0.0,0.99622124,0.0,6778.7715,591.85205,119.36193,266.02164,272.97327,333.09958,0.0,0.9972291,0.9952141,0.0,1.0178255,0.0
4.8654633,0.41971317,1.0127946,0.0,21.410538,58.049942,158.99629,22.705153,2259.5596,1385.1371,0.0,0.0,0.0,0.99427086,0.0,6778.673,592.1939,118.63491,265.97803,272.97238,333.12372,0.0,0.99551255,0.9917496,0.0,1.0183947,0.0
4.865582,0.42032263,0.98696774,0.0,22.606369,58.046535,161.31651,22.693209,2259.5103,1385.1536,0.0,0.0,0.0,1.0067235,0.0,6779.328,592.2507,118.6095,266.0303,273.042,333.17197,0.0,1.0052232,1.0093057,0.0,1.0188127,0.0
10.982597,0.6767725,1.0050179,0.0,23.999073,64.86204,162.55974,24.499992,764.42804,1446.9554,1.001646,0.0,0.0,0.0,0.0,2296.9624,287.9622,19.986963,43.06364,78.0041,65.97918,0.0,1.0001999,0.9996559,0.0,1.0005505,0.0
10.985222,0.67669654,0.98878574,0.0,24.003687,64.884705,162.55296,24.499868,764.23376,1446.9525,0.9981249,0.0,0.0,0.0,0.0,2301.6697,287.9519,19.983883,43.095047,77.994644,65.96187,0.0,1.0010589,0.9953683,0.0,1.0027621,0.0
10.986592,0.67667514,1.0162382,0.0,23.99536,64.834236,162.57185,24.49956,768.5118,1447.3068,1.0053613,0.0,0.0,0.0,0.0,2302.095,287.9496,20.029907,42.76503,77.975655,66.17542,0.0,1.001614,0.9941791,0.0,0.9954539,0.0
10.9796095,0.67727494,1.0192205,0.0,23.993462,64.89604,162.57274,24.500679,763.87067,1446.8715,0.994167,0.0,0.0,0.0,0.0,2303.4404,288.0669,20.06907,43.30724,78.07907,66.17835,0.0,0.99728304,0.99333364,0.0,0.9943686,0.0
10.994306,0.67624325,1.0213525,0.0,24.00765,64.89786,162.54703,24.4991,763.84827,1446.8053,0.9939345,0.0,0.0,0.0,0.0,2303.8337,287.8903,20.072638,42.688236,78.16772,66.202065,0.0,0.99668765,1.0097352,0.0,1.0063657,0.0
10.971097,0.6777295,0.9735668,0.0,23.992008,64.9162,162.54582,24.498587,763.7743,1446.7574,1.0060672,0.0,0.0,0.0,0.0,2305.485,287.86462,19.877409,42.688236,77.75582,65.7247,0.0,1.0080975,0.98994184,0.0,0.9918778,0.0
12.112046,12.360755,0.0,0.99480015,22.020945,84.8199,175.25966,27.598694,949.8499,1940.9373,0.9996238,0.0,0.0,0.0,0.0,2850.033,68.70842,32.004772,12.064907,73.944405,87.98984,0.0,1.0019786,0.0,0.99822974,0.0,1.0008761
12.113902,12.349334,0.0,1.0086529,21.870214,84.82498,175.26149,27.593744,949.1767,1940.859,0.9987446,0.0,0.0,0.0,0.0,2851.102,68.59291,32.01462,12.131347,74.09294,88.04469,0.0,0.99298817,0.0,0.997669,0.0,1.0025924
12.116468,12.365222,0.0,0.9902026,22.20864,84.81625,175.2676,27.592352,951.3714,1940.7656,1.0029719,0.0,0.0,0.0,0.0,2851.69,71.533394,31.935545,12.172598,74.11409,87.948944,0.0,0.99245137,0.0,0.99425787,0.0,1.0029987
12.11797,12.368294,0.0,0.98599356,21.779049,84.8137,175.26852,27.610197,952.1656,1940.7595,0.9918146,0.0,0.0,0.0,0.0,2852.6533,72.23307,31.934765,11.712056,74.21787,88.0674,0.0,1.0115236,0.0,1.0084611,0.0,0.994124
12.118987,12.340406,0.0,1.0140785,21.718393,84.83472,175.24915,27.613668,947.80383,1941.0652,0.9897442,0.0,0.0,0.0,0.0,2852.9287,72.29683,31.837093,11.688115,73.69159,87.82476,0.0,1.0138887,0.0,0.99146307,0.0,0.9920328
12.092324,12.337515,0.0,0.9856946,21.704193,84.834785,175.27145,27.613781,952.3697,1941.0902,0.98642516,0.0,0.0,0.0,0.0,2846.8416,67.5464,31.82943,12.400164,74.321465,87.7439,0.0,1.0150783,0.0,1.0115653,0.0,1.0117285
2.0544257,1.8026123,0.99888796,0.0,22.021002,61.23578,160.02585,23.899221,1453.9246,1414.2781,0.0,0.0,1.0069447,0.0,0.0,4361.8145,331.97043,110.015114,82.99509,178.99878,155.01775,0.0,1.0000638,0.0,0.99991816,0.9959061,0.0
2.0543525,1.8027481,0.99875355,0.0,21.883802,61.233665,160.18031,23.901518,1454.1425,1414.3278,0.0,0.0,1.0088614,0.0,0.0,4361.2686,332.06216,110.10247,82.97417,178.98987,155.0341,0.0,1.0023019,0.0,0.99466974,0.99441946,0.0
2.0542433,1.8028815,1.0028497,0.0,22.136972,61.232136,159.55838,23.898186,1454.1493,1414.2631,0.0,0.0,0.9909491,0.0,0.0,4363.011,331.9042,110.14757,83.0317,178.9754,154.93706,0.0,1.0032562,0.0,1.0064201,0.9829598,0.0
2.056161,1.8017719,1.0029016,0.0,21.84002,61.229652,159.43776,23.897835,1453.8206,1414.2467,0.0,0.0,1.011928,0.0,0.0,4363.1772,331.87125,109.831375,83.034004,178.944,154.93027,0.0,0.9941549,0.0,1.0098001,1.0194181,0.0
2.0538254,1.8032345,1.0052297,0.0,21.766436,61.228645,160.91867,23.902214,1453.6146,1414.175,0.0,0.0,1.0119588,0.0,0.0,4360.197,332.15045,110.17296,82.93408,178.92918,155.07149,0.0,0.99268365,0.0,1.0148455,1.0238922,0.0
2.0564141,1.803396,0.9913968,0.0,22.247272,61.228268,161.15244,23.903494,1454.4312,1414.4282,0.0,0.0,1.0143186,0.0,0.0,4364.444,332.22342,109.79105,83.076225,178.9173,155.0913,0.0,0.9912549,0.0,1.0158314,1.0285592,0.0
3.3489444,0.7421115,0.0,1.0031351,20.838701,76.206474,175.25877,24.800188,1486.2085,1831.1089,0.0,0.0,1.006525,0.0,0.0,4458.9473,318.05017,197.03246,51.00085,239.99489,167.03137,0.0,1.0027505,0.0,0.9975607,0.0,1.0022328
3.3486211,0.7420329,0.0,0.99641365,20.719954,76.20809,175.26175,24.800716,1486.1456,1831.0671,0.0,0.0,0.98492837,0.0,0.0,4458.3647,318.059,196.96481,50.97112,239.98499,167.04184,0.0,1.0034567,0.0,0.9921178,0.0,1.0036949
3.3501456,0.74292535,0.0,1.0036304,20.694765,76.210014,175.26178,24.798954,1486.5613,1831.2877,0.0,0.0,0.98427534,0.0,0.0,4459.684,318.08154,196.92815,51.129646,240.01888,166.94559,0.0,0.9900235,0.0,0.9897996,0.0,0.9961074
3.3479483,0.7432508,0.0,1.0048525,21.367744,76.19677,175.2622,24.801691,1486.083,1830.8878,0.0,0.0,0.97464716,0.0,0.0,4457.9365,317.90726,196.9077,51.13807,240.02435,167.06358,0.0,0.98884326,0.0,0.9869918,0.0,0.99385446
3.3506982,0.7411013,0.0,0.99271435,20.556126,76.22133,175.26451,24.798271,1486.9784,1831.3284,0.0,0.0,0.97204715,0.0,0.0,4460.082,317.86096,197.12695,50.799847,239.97163,167.0947,0.0,1.0138044,0.0,0.9862682,0.0,0.9924982
3.3519373,0.7434141,0.0,0.9926988,21.511675,76.183365,175.25519,24.801882,1485.664,1830.8423,0.0,0.0,1.0284346,0.0,0.0,4460.1304,317.85504,196.86816,51.202507,240.07277,166.894,0.0,0.9847264,0.0,0.9832108,0.0,1.0103151
2.2203557,0.34637028,0.9982137,0.0,20.946688,86.18661,165.09811,31.60268,1249.4581,1665.0966,0.0,0.0,0.9995844,0.0,0.0,3748.456,380.98398,142.0117,153.98824,145.0025,121.01338,0.0,1.0008037,0.9985156,0.0,0.0,1.0009089
2.2204952,0.3464067,0.99060327,0.0,20.91619,86.19041,165.10316,31.603441,1249.5099,1665.0825,0.0,0.0,0.9972202,0.0,0.0,3747.335,380.97717,142.01283,154.01553,145.03116,121.0208,0.0,1.0053786,0.9969671,0.0,0.0,0.99740475
2.2205303,0.3465201,0.9873958,0.0,20.884905,86.171974,165.10971,31.593285,1248.9124,1665.1184,0.0,0.0,1.0034178,0.0,0.0,3747.1206,381.02664,142.0177,154.0169,144.96736,120.9725,0.0,0.9919684,1.0034055,0.0,0.0,1.0073571
2.2207944,0.34615028,1.01261,0.0,21.248304,86.19752,165.11417,31.610514,1249.9823,1665.1708,0.0,0.0,0.9941163,0.0,0.0,3748.8848,380.96487,141.97006,154.02808,144.95422,120.96729,0.0,1.0149552,0.9922655,0.0,0.0,0.9919683
2.2194664,0.34669352,0.985605,0.0,21.26975,86.166176,165.0813,31.58934,1248.4598,1665.198,0.0,0.0,0.9914014,0.0,0.0,3747.057,381.0947,142.04971,154.06032,144.95052,121.035545,0.0,1.0210612,1.0085678,0.0,0.0,1.0103964
2.2192621,0.34600303,0.983704,0.0,20.690577,86.20384,165.12369,31.58916,1248.443,1664.8917,0.0,0.0,1.0086174,0.0,0.0,3748.9705,380.88464,142.05188,154.07701,145.10199,121.03928,0.0,1.0242265,1.0155584,0.0,0.0,0.989464
0.7566479,0.41298577,0.0,1.0005218,22.99782,62.59626,160.41972,24.400055,1613.384,1746.6084,0.0,0.0,0.0,0.99945396,0.0,4839.911,389.99524,172.02203,164.00221,354.95377,146.99054,0.0,1.0033908,0.0,0.9888316,0.0,0.9916159
0.75783956,0.41328958,0.0,0.9992354,22.9972,62.59519,160.64053,24.399004,1613.4044,1746.5662,0.0,0.0,0.0,1.0025941,0.0,4839.8643,389.9929,171.9641,163.99692,355.07254,146.96877,0.0,1.004896,0.0,0.9875864,0.0,0.9905171
0.75806403,0.4134219,0.0,1.0011604,22.997124,62.596615,160.65765,24.39849,1613.4192,1746.44,0.0,0.0,0.0,0.99726987,0.0,4840.648,390.1136,172.10466,163.99261,355.0743,147.03784,0.0,0.9942036,0.0,1.0139055,0.0,1.0132527
0.75445324,0.41359377,0.0,0.9894156,22.989332,62.602028,161.36006,24.397762,1613.4382,1746.7969,0.0,0.0,0.0,0.9967302,0.0,4839.1626,389.85876,171.88982,164.01352,355.09366,147.04297,0.0,1.006308,0.0,1.0171565,0.0,0.98601454
0.7596472,0.41251832,0.0,0.98856366,22.988195,62.60351,161.69601,24.397432,1613.2131,1746.8237,0.0,0.0,0.0,1.0034597,0.0,4838.906,390.15155,171.86588,163.98137,354.83078,147.05502,0.0,0.9928968,0.0,1.0173309,0.0,0.98535305
0.75397515,0.41251376,0.0,0.98804903,23.016596,62.58505,161.7439,24.403008,1613.1921,1746.3518,0.0,0.0,0.0,1.0052221,0.0,4838.845,390.1676,171.84396,164.06334,355.21988,147.08693,0.0,0.99060917,0.0,0.98082,0.0,1.0183003
3.2668836,1.3282533,0.99676347,0.0,21.004143,58.96654,166.04495,20.999685,1484.4093,1421.2576,0.0,0.9992371,0.0,0.0,0.0,4453.0884,417.95572,275.0435,286.99918,222.99869,133.991,0.0,0.997734,0.0,1.0071493,0.0,1.0045865
3.2668884,1.3288944,1.0034257,0.0,20.949818,58.968117,169.2677,20.999237,1484.4219,1421.254,0.0,0.99576247,0.0,0.0,0.0,4452.854,417.95178,275.04547,286.97766,223.01299,134.01488,0.0,1.0036825,0.0,0.9923355,0.0,0.99386555
3.267385,1.3295269,0.99009395,0.0,20.944702,58.965733,169.34816,21.001049,1484.4907,1421.3915,0.0,1.0042666,0.0,0.0,0.0,4453.2124,417.94156,274.90775,286.95004,223.02359,133.9708,0.0,0.9944704,0.0,0.9917706,0.0,0.9935803
3.2653067,1.3296373,0.9871382,0.0,20.836506,58.965485,165.79994,20.998768,1484.1017,1421.2076,0.0,1.0066848,0.0,0.0,0.0,4452.7827,418.0756,275.12735,286.93127,223.02974,133.96623,0.0,0.9927036,0.0,1.0108526,0.0,1.0118349
3.2682762,1.3299241,1.0145649,0.0,21.181242,58.969723,165.33157,20.998367,1484.608,1421.1779,0.0,1.0122892,0.0,0.0,0.0,4452.7314,417.9042,275.17538,286.9175,222.95802,133.96352,0.0,0.9912935,0.0,0.98879147,0.0,0.9875499
3.264616,1.3258148,0.9846063,0.0,21.3037,58.97218,169.95462,21.001741,1484.0511,1421.4386,0.0,1.0173297,0.0,0.0,0.0,4453.2827,418.1124,275.17822,287.15317,223.0431,134.03676,0.0,1.0087378,0.0,1.0124607,0.0,1.0134214
5.024665,1.4119961,0.0,1.0050312,21.983232,79.37767,170.18,27.399153,2269.3342,1843.5747,0.0,1.0003352,0.0,0.0,0.0,6807.8667,411.93286,331.12183,247.00433,429.92557,176.00194,0.0,1.0001667,0.0,0.99685067,0.99972254,0.0
5.0225344,1.4115528,0.0,0.9912919,22.023676,79.380135,170.18,27.402948,2269.3472,1843.7101,0.0,1.0008428,0.0,0.0,0.0,6807.772,412.10077,330.8641,246.9902,430.07547,176.0039,0.0,0.99747664,0.0,1.0106833,0.9990369,0.0
5.026052,1.412368,0.0,0.99085003,22.062735,79.37283,170.18,27.396572,2269.314,1843.7367,0.0,1.0013638,0.0,0.0,0.0,6808.342,412.1131,331.15164,246.98141,429.90967,175.99306,0.0,1.0039026,0.0,1.011142,1.0018514,0.0
5.0269184,1.4114269,0.0,1.0178834,21.899189,79.372444,170.18,27.396229,2269.2595,1843.4397,0.0,1.0052273,0.0,0.0,0.0,6808.4233,412.17035,330.82922,246.98029,430.15976,176.02055,0.0,1.0043201,0.0,1.0114222,0.9974634,0.0
5.0273085,1.4113274,0.0,0.9819752,22.166756,79.3897,170.18,27.39504,2269.2275,1843.3782,0.0,1.0072643,0.0,0.0,0.0,6807.5073,412.19168,331.17743,247.03319,429.77615,176.02655,0.0,1.0055244,0.0,0.9855673,0.9949084,0.0
5.0199876,1.4126312,0.0,0.9791395,21.80647,79.36739,170.18,27.40569,2269.5217,1843.8239,0.0,1.0090661,0.0,0.0,0.0,6807.386,412.22446,330.7518,246.94887,429.62796,176.02667,0.0,0.99309576,0.0,1.0217534,1.0063156,0.0
1.310822,0.2252537,0.0,0.99920046,20.032347,61.23525,170.18,21.100025,1786.0513,1611.9014,0.0,0.0,1.002668,0.0,0.0,5358.6606,386.01318,182.97935,209.0098,307.9686,209.98666,0.9980783,0.0,0.0,0.99755216,1.0032039,0.0
1.3114278,0.2248019,0.0,0.9973655,19.847822,61.232414,170.18,21.100592,1785.8148,1611.897,0.0,0.0,1.0096028,0.0,0.0,5359.0483,386.03925,183.02885,209.02393,307.93396,209.98601,0.99410754,0.0,0.0,1.0060716,1.0033805,0.0
1.3115934,0.22477485,0.0,0.9971866,19.829336,61.238007,170.18,21.09895,1785.7404,1611.8923,0.0,0.0,1.010388,0.0,0.0,5356.6987,385.8951,183.05505,209.0395,308.1035,210.01956,0.9927814,0.0,0.0,0.98900855,0.99047965,0.0
1.3099202,0.22463612,0.0,1.0043528,20.181473,61.238903,170.18,21.098917,1785.4705,1611.9185,0.0,0.0,0.9887455,0.0,0.0,5359.959,385.8336,182.89404,209.05215,307.8894,209.97713,0.991427,0.0,0.0,0.98820555,1.0101951,0.0
1.311696,0.22567591,0.0,0.99440277,20.18877,61.24208,170.18,21.101217,1785.4487,1611.9268,0.0,0.0,1.0137233,0.0,0.0,5360.6504,386.18762,182.89357,208.94511,308.1128,209.96495,1.008878,0.0,0.0,1.0122421,1.0124164,0.0
1.3098568,0.225759,0.0,0.9934704,20.286415,61.244995,170.18,21.101429,1786.5676,1611.8672,0.0,0.0,1.0137612,0.0,0.0,5354.4595,385.77664,183.12,209.07568,307.88376,209.96243,1.0092345,0.0,0.0,0.98618174,0.9866369,0.0
2.3372796,0.5187498,0.0,0.99965656,19.968733,72.57427,170.18,25.100458,1519.0284,1763.8077,0.0,1.0009322,0.0,0.0,0.0,4556.9897,538.0208,90.98035,167.99947,293.0195,117.0096,0.0,0.9995498,0.0,1.0001361,0.99809223,0.0
2.3371372,0.51905125,0.0,0.99632496,19.886768,72.575455,170.18,25.099382,1518.717,1763.6633,0.0,0.9975381,0.0,0.0,0.0,4556.5967,538.09766,90.965645,167.99838,292.9448,116.98935,0.0,0.9985174,0.0,0.9979753,0.997624,0.0
2.3378956,0.5177616,0.0,0.99422103,19.83077,72.57602,170.18,25.100824,1519.2988,1763.9458,0.0,1.0052795,0.0,0.0,0.0,4557.557,537.8295,90.84272,167.99597,292.94113,117.04136,0.0,0.99816066,0.0,0.99653816,1.002661,0.0
2.3363776,0.5176545,0.0,1.0099558,19.793419,72.56892,170.18,25.098885,1518.6847,1764.0073,0.0,0.9925445,0.0,0.0,0.0,4557.6206,538.18097,90.828316,168.01009,292.93164,116.93847,0.0,1.0108612,0.0,0.9931028,1.0053487,0.0
2.3384192,0.5192383,0.0,1.0126028,19.71574,72.56589,170.18,25.098032,1518.6558,1764.14,0.0,0.9914499,0.0,0.0,0.0,4555.88,537.8108,90.82219,167.97707,292.9217,117.06485,0.0,1.0121106,0.0,0.9927555,1.008972,0.0
2.3352149,0.51926386,0.0,0.98732823,20.296333,72.563576,170.18,25.102001,1519.3861,1764.3041,0.0,1.0085558,0.0,0.0,0.0,4558.1943,538.1898,90.817604,167.95242,292.90848,117.07115,0.0,0.9866457,0.0,0.9919986,1.0136994,0.0
21.9119,1.8358029,0.9977047,0.0,23.000252,78.02422,170.18,26.905825,1922.4584,1596.723,0.0,1.0024766,0.0,0.0,0.0,5767.407,372.0233,211.00009,127.999306,286.99976,194.99933,1.0010328,0.0,0.0,1.0052103,1.001987,0.0
21.901272,1.8359904,0.99688596,0.0,23.00046,78.0107,170.18,26.907433,1922.5212,1596.768,0.0,1.0065695,0.0,0.0,0.0,5767.6094,372.04236,210.99564,127.99865,286.99792,194.98808,0.99788564,0.0,0.0,0.9933133,1.002133,0.0
21.935865,1.8356247,1.007489,0.0,23.001295,78.0073,170.18,26.891438,1922.1283,1596.627,0.0,1.0068952,0.0,0.0,0.0,5768.236,372.05804,211.0121,128.00565,286.99365,195.01848,0.9970813,0.0,0.0,1.0067502,0.99378926,0.0
21.89158,1.8345296,0.9901361,0.0,23.002394,78.00664,170.18,26.909674,1922.565,1596.7937,0.0,0.9917159,0.0,0.0,0.0,5768.2573,372.10825,210.98677,127.97804,286.98172,195.0507,1.0063415,0.0,0.0,0.9924066,0.99093235,0.0
21.8895,1.8374519,0.9841673,0.0,22.995134,78.029724,170.18,26.910158,1922.6328,1596.8201,0.0,0.98983157,0.0,0.0,0.0,5768.688,371.89084,210.97302,128.0465,286.93384,194.93549,0.9935473,0.0,0.0,0.99143076,0.9904509,0.0
21.87812,1.833854,0.9840678,0.0,22.991053,78.00375,170.18,26.889141,1921.6077,1596.891,0.0,0.9892001,0.0,0.0,0.0,5765.0176,371.8135,211.06671,127.945724,287.08218,195.0862,0.9886562,0.0,0.0,1.0114088,0.9843251,0.0
12.604802,11.619522,1.0009645,0.0,22.11742,82.55348,177.8,26.100237,2260.3462,1666.4744,0.0,0.0,1.0042405,0.0,0.0,6781.002,457.00192,68.00096,174.97134,280.99347,221.00758,0.0,1.0007031,0.0,1.0005633,0.99416846,0.0
12.604792,11.620389,0.9986188,0.0,21.854408,82.55445,177.8,26.100983,2260.3545,1666.5417,0.0,0.0,1.007509,0.0,0.0,6780.7344,457.00653,67.99892,174.95673,280.97357,221.02211,0.0,0.9981586,0.0,0.993522,0.99416083,0.0
12.608755,11.609375,1.0019549,0.0,22.205212,82.54849,177.8,26.095558,2260.26,1666.4537,0.0,0.0,1.0077245,0.0,0.0,6781.291,457.02533,67.98614,175.04433,280.95087,220.93842,0.0,1.0024804,0.0,0.9902687,0.99198484,0.0
12.599623,11.60608,1.0028596,0.0,22.367105,82.559525,177.8,26.106012,2260.4521,1666.5574,0.0,0.0,1.0114719,0.0,0.0,6780.5464,457.05853,68.02148,174.95364,280.94113,220.93228,0.0,0.9964859,0.0,0.9898408,0.987946,0.0
12.610907,11.628681,0.9954399,0.0,21.59989,82.56247,177.8,26.093159,2260.453,1666.5682,0.0,0.0,1.015842,0.0,0.0,6781.574,456.91254,68.025276,175.05064,280.8991,221.1196,0.0,0.99619657,0.0,0.9851477,1.018016,0.0
12.594578,11.63062,0.99453896,0.0,21.588112,82.54447,177.8,26.092285,2260.4849,1666.606,0.0,0.0,0.98192424,0.0,0.0,6781.8003,457.09665,67.97271,174.9393,280.80603,221.12701,0.0,1.0051174,0.0,1.0181239,1.0189276,0.0
26.284506,5.0796213,0.0,0.9980065,21.09344,78.47363,177.8,24.800688,1331.5344,1873.7065,0.0,0.0,0.0,0.0,1.0015966,3993.9395,307.01797,67.994736,88.004974,242.99365,163.00131,0.0,0.9974612,0.0,1.000128,1.0026953,0.0
26.395462,5.078996,0.0,0.98351526,20.81933,78.47422,177.8,24.799267,1331.6323,1873.707,0.0,0.0,0.0,0.0,1.0017829,3994.1003,307.0188,68.014946,87.97727,243.01237,162.99458,0.0,0.9967419,0.0,1.0013672,1.0040946,0.0
26.273844,5.07846,0.0,0.9757321,21.190865,78.467834,177.8,24.800806,1331.9541,1873.7911,0.0,0.0,0.0,0.0,0.99793935,3993.7114,307.04272,67.9836,87.94515,243.03795,162.9849,0.0,0.99541306,0.0,1.0072564,0.9951169,0.0
26.435398,5.0774508,0.0,0.9713123,20.7588,78.46633,177.8,24.800957,1330.5585,1873.8699,0.0,0.0,0.0,0.0,1.0025406,3993.1934,307.04736,67.98274,87.92057,242.94373,163.05284,0.0,0.99337155,0.0,1.011588,1.0053282,0.0
26.226168,5.0760098,0.0,1.0325707,21.36656,78.47809,177.8,24.798855,1332.2646,1873.4725,0.0,0.0,0.0,0.0,1.0032798,3995.6484,307.11832,68.01901,87.90393,242.94019,162.94266,0.0,1.0072894,0.0,1.012391,1.0053309,0.0
26.461943,5.0757155,0.0,0.9651149,21.387537,78.478455,177.8,24.798506,1329.9949,1873.9707,0.0,0.0,0.0,0.0,0.996334,3991.962,307.14255,67.98008,88.13073,243.06618,162.92377,0.0,1.0073617,0.0,1.0128553,1.0073868,0.0
3.0227578,8.124836,0.0,0.998629,21.830956,104.79498,177.8,33.104336,2637.3542,2218.4673,0.0,0.99902123,0.0,0.0,0.0,7912.5645,577.979,55.00275,282.9987,433.9849,371.91696,0.0,0.994923,0.0,0.9909664,0.0,0.99074745
3.0227842,8.123879,0.0,0.99749976,21.801853,104.89679,177.8,33.092243,2637.5593,2223.3303,0.0,1.0042266,0.0,0.0,0.0,7910.836,577.9264,55.00396,283.01675,434.04724,371.8969,0.0,1.0068485,0.0,0.9873499,0.0,1.0138371
3.0225353,8.117788,0.0,1.0036255,22.226221,104.66221,177.8,33.11119,2637.6794,2217.6355,0.0,1.0059899,0.0,0.0,0.0,7910.4805,577.7899,55.00537,283.06085,433.90326,371.8966,0.0,0.99247324,0.0,0.9796553,0.0,1.0150964
3.0231526,8.115862,0.0,0.994843,21.738699,104.44916,177.8,33.083893,2636.8225,2217.5168,0.0,0.9908428,0.0,0.0,0.0,7913.8584,578.2383,55.007423,283.10217,433.87067,372.16205,0.0,1.0145307,0.0,1.02108,0.0,1.0173467
3.0222113,8.139376,0.0,0.9928262,21.654928,104.39728,177.8,33.11915,2637.945,2216.798,0.0,1.0133047,0.0,0.0,0.0,7909.991,577.71136,54.990566,283.10687,433.7017,372.1646,0.0,0.9849738,0.0,1.022846,0.0,1.0189105
3.0221238,8.15423,0.0,1.0148629,21.482756,104.39523,177.8,33.124752,2636.6987,2214.251,0.0,1.0139828,0.0,0.0,0.0,7914.466,577.6943,54.956394,282.88358,433.5819,372.19604,0.0,0.9813418,0.0,1.023305,0.0,0.9721934
5.831574,15.371067,1.00132,0.0,21.878582,78.47091,175.25655,25.499508,1261.098,1620.8894,1.0006922,0.0,0.0,0.0,0.0,3783.029,468.98996,71.001114,102.968155,127.00695,118.00342,0.99786866,0.0,0.0,1.004499,0.0,0.9986308
5.8339453,15.392943,0.99778306,0.0,22.158146,78.47264,175.26683,25.500738,1261.196,1620.8724,1.0022959,0.0,0.0,0.0,0.0,3782.3743,468.95068,71.00195,102.93698,127.05191,118.02298,0.9922501,0.0,0.0,0.9940006,0.0,0.9983843
5.8350782,15.364793,1.0031216,0.0,22.265728,78.47346,175.26802,25.498499,1260.7382,1620.8544,0.995747,0.0,0.0,0.0,0.0,3784.9934,469.1103,71.01649,103.07966,127.086525,118.0599,1.0100561,0.0,0.0,1.007919,0.0,0.9963468
5.8367243,15.397146,0.99665475,0.0,21.665411,78.46848,175.25151,25.498348,1261.4169,1620.9576,0.9928174,0.0,0.0,0.0,0.0,3785.314,469.134,70.98273,102.90899,126.896255,118.066765,1.0108719,0.0,0.0,0.99200785,0.0,1.0040227
5.8261333,15.3976755,0.9941297,0.0,21.663881,78.47472,175.26878,25.50204,1261.561,1620.9956,1.0078517,0.0,0.0,0.0,0.0,3780.1843,468.8369,70.98258,103.09582,127.19336,117.90338,1.0111165,0.0,0.0,1.0108101,0.0,0.9931675
5.825428,15.397752,0.99256533,0.0,22.351322,78.46796,175.24779,25.5047,1260.412,1621.0624,1.0084385,0.0,0.0,0.0,0.0,3779.5815,468.7798,71.01829,103.09767,126.7909,117.86645,1.0148596,0.0,0.0,0.98894733,0.0,0.99090946
6.2399917,21.909868,1.0047964,0.0,20.990664,54.43147,162.55746,20.599506,1587.294,1363.5898,0.0,0.0,0.0,0.9998431,0.0,4761.971,441.00476,192.9932,237.0007,236.99287,215.99818,0.0,0.99954534,0.0,1.0009526,1.0012348,0.0
6.249057,21.9054,0.9950536,0.0,21.016253,54.44356,162.55435,20.599451,1587.2634,1363.5831,0.0,0.0,0.0,0.9984972,0.0,4761.5615,441.04272,193.01585,237.01157,236.98212,216.00224,0.0,1.0043498,0.0,0.9971941,0.9985536,0.0
6.2358093,21.937508,1.0057255,0.0,20.94648,54.41847,162.55215,20.600582,1587.4109,1363.5767,0.0,0.0,0.0,0.998391,0.0,4761.495,441.05206,192.97264,237.02225,236.97137,215.98265,0.0,0.9930957,0.0,0.99425966,1.0015876,0.0
6.2354436,21.88731,0.99288845,0.0,20.805069,54.44492,162.54395,20.599222,1587.231,1363.6249,0.0,0.0,0.0,1.0020818,0.0,4761.4087,441.0575,192.9404,237.04832,237.03456,215.97166,0.0,0.9929908,0.0,1.0091172,1.0082995,0.0
6.2324185,21.881535,0.99263567,0.0,21.227219,54.417248,162.54263,20.602222,1587.2286,1363.5698,0.0,0.0,0.0,0.9963947,0.0,4760.916,440.90915,193.0684,237.04852,236.95586,215.97101,0.0,0.99066067,0.0,0.988361,0.99013793,0.0
6.259591,21.954643,0.9844197,0.0,20.68721,54.41631,162.58006,20.597767,1587.4429,1363.6703,0.0,0.0,0.0,0.9958315,0.0,4763.124,440.90195,193.08092,236.94952,236.94513,216.03413,0.0,1.01114,0.0,0.98802114,0.98984987,0.0
26.396769,4.7731795,1.0013379,0.0,20.028147,88.45195,160.03566,34.471333,1908.1693,1674.6202,0.0,0.0,0.0,0.0,1.0004246,5723.6343,521.98956,0.032866057,149.49384,229.48804,179.49857,1.0006303,0.0,0.99795455,0.0,1.0099709,0.0
26.421482,4.77269,0.9980391,0.0,19.932713,88.43796,159.42836,34.47088,1908.2278,1674.7115,0.0,0.0,0.0,0.0,1.0010116,5724.8096,521.8852,0.03315068,149.48859,229.51869,179.49675,0.99836314,0.0,0.9954544,0.0,0.9888988,0.0
26.38669,4.769824,0.9973607,0.0,19.893513,88.466545,160.9695,34.47041,1908.2955,1674.4781,0.0,0.0,0.0,0.0,1.0033168,5723.1616,522.2381,0.047012333,149.48451,229.47849,179.49663,0.99738157,0.0,0.9944667,0.0,1.0126473,0.0
26.475307,4.7672834,1.005167,0.0,20.120714,88.43244,158.35495,34.537285,1907.699,1674.7429,0.0,0.0,0.0,0.0,0.9955421,5726.899,522.30444,-0.110238194,149.45827,229.53668,179.49086,1.0033311,0.0,1.0083814,0.0,1.0152688,0.0
26.309116,4.7661448,0.9945977,0.0,20.191833,88.42627,157.20403,34.455513,1908.3422,1674.4095,0.0,0.0,0.0,0.0,1.0110387,5727.0186,521.6877,-0.17196296,149.45192,229.5387,179.51736,1.007536,0.0,1.0115713,0.0,0.9843735,0.0
26.2973,4.763945,1.010503,0.0,19.788216,88.48095,165.76906,34.440807,1907.3473,1674.3303,0.0,0.0,0.0,0.0,1.0116671,5727.3506,521.59906,-0.20687827,149.44952,229.55603,179.51924,0.9918711,0.0,1.0125223,0.0,0.9839371,0.0
2.8289258,5.9263034,1.0000975,0.0,20.018324,90.71949,170.18,31.301348,2150.3464,1727.0559,1.00334,0.0,0.0,0.0,0.0,6451.396,678.12427,52.019264,275.9854,192.9985,317.0008,0.99938613,0.0,0.99810433,0.0,0.9963313,0.0
2.8296592,5.924393,1.0012456,0.0,20.046051,90.71539,170.18,31.2971,2150.4373,1727.2885,0.9960676,0.0,0.0,0.0,0.0,6450.5938,678.14996,51.97778,275.9833,193.01819,316.9812,1.0015152,0.0,1.0050224,0.0,1.0071794,0.0
2.8285842,5.929263,1.0028491,0.0,20.047396,90.71208,170.18,31.29671,2150.0955,1727.2959,1.0090324,0.0,0.0,0.0,0.0,6451.949,677.84546,52.029655,276.01923,193.02834,317.04117,1.0028273,0.0,0.9893117,0.0,0.99154526,0.0
2.8285835,5.9213877,1.0066185,0.0,20.067234,90.73186,170.18,31.296175,2150.686,1726.8906,0.9907997,0.0,0.0,0.0,0.0,6452.0806,677.8228,52.032356,276.02704,192.9715,317.06436,0.9927327,0.0,0.9855174,0.0,0.9891048,0.0
2.8298893,5.9308677,0.9919746,0.0,20.126272,90.6995,170.18,31.305298,2149.9626,1727.3105,1.0096093,0.0,0.0,0.0,0.0,6449.6035,678.1973,52.042267,275.97076,193.0395,316.90405,1.007301,0.0,0.98403186,0.0,1.0121801,0.0
2.830246,5.9341345,0.9900841,0.0,20.182016,90.742386,170.18,31.30802,2150.7217,1726.7506,0.9902509,0.0,0.0,0.0,0.0,6449.18,677.63666,52.044155,276.04062,193.041,316.90234,0.9907478,0.0,0.97990376,0.0,0.9869463,0.0
5.278337,9.3934765,0.99983144,0.0,20.014956,50.805134,152.39427,21.898869,1447.4951,1302.89,0.0,0.0,1.0047866,0.0,0.0,4343.184,353.0087,129.00797,208.9928,187.97237,137.03323,1.0072885,0.0,1.000411,0.0,0.0,1.0013722
5.278593,9.392274,0.9995193,0.0,20.020672,50.79743,152.40749,21.901175,1447.4076,1302.8829,0.0,0.0,0.99398404,0.0,0.0,4342.7363,353.0496,128.97783,209.00851,187.9706,137.0449,1.0079613,0.0,1.0034759,0.0,0.0,1.0023767
5.276593,9.391346,0.998932,0.0,19.908773,50.811844,152.41066,21.903631,1447.2896,1302.8297,0.0,0.0,0.9900139,0.0,0.0,4343.289,353.05396,129.02484,208.98183,187.95187,137.0577,0.99136645,0.0,0.9952016,0.0,0.0,0.99755746
5.2764325,9.407527,0.9933832,0.0,19.90674,50.79009,152.4127,21.904018,1448.1333,1302.6833,0.0,0.0,1.0157967,0.0,0.0,4343.3096,352.91837,129.03857,208.9538,187.94513,136.9259,1.0120378,0.0,0.9932264,0.0,0.0,0.99619967
5.275781,9.414082,1.0072083,0.0,19.826529,50.815052,152.4264,21.895573,1448.1698,1303.1216,0.0,0.0,0.98374754,0.0,0.0,4343.5977,352.9122,128.95378,208.91309,188.06583,136.92015,1.0134279,0.0,0.99100167,0.0,0.0,0.99529076
5.275435,9.418988,1.0074928,0.0,20.189484,50.78896,152.37154,21.894266,1447.1376,1302.6655,0.0,0.0,1.0166203,0.0,0.0,4342.2925,352.8607,129.07623,209.11275,187.92337,137.10425,0.97673005,0.0,0.9855552,0.0,0.0,0.9946938
2.142613,3.1046712,1.0024949,0.0,22.139482,81.64738,165.11243,29.999893,1582.0172,1618.8053,1.0108927,0.0,0.0,0.0,0.0,4746.0854,341.98804,201.03033,146.96657,165.05727,232.9878,0.99885917,0.0,1.0029606,0.0,1.0016601,0.0
2.143351,3.1061244,0.9950599,0.0,22.195835,81.64535,165.08318,30.00075,1581.9636,1618.7152,1.0145577,0.0,0.0,0.0,0.0,4746.2437,341.94272,201.07199,146.96608,164.9355,232.97708,1.0021425,0.0,1.0041616,0.0,0.99786866,0.0
2.1417754,3.1062253,1.0137426,0.0,22.239481,81.649994,165.08296,29.997854,1582.0607,1618.6968,1.0184959,0.0,0.0,0.0,0.0,4746.67,342.13107,200.92232,147.08276,165.09683,232.9733,0.994298,0.0,1.005856,0.0,0.9949232,0.0
2.1440685,3.1064866,1.0137908,0.0,21.738764,81.65355,165.08177,29.997019,1581.8776,1618.6866,1.0201322,0.0,0.0,0.0,0.0,4745.0825,341.8555,201.08124,147.0899,164.87897,233.04637,1.009127,0.0,1.0101588,0.0,0.99200535,0.0
2.1411395,3.1068907,0.98198414,0.0,22.359789,81.636024,165.07904,30.003,1581.8245,1618.675,1.0211512,0.0,0.0,0.0,0.0,4744.9565,341.844,200.90652,146.87778,165.1432,232.94823,0.9888892,0.0,0.98343706,0.0,0.987095,0.0
2.1410713,3.108025,0.9816834,0.0,22.405878,81.63315,165.12791,29.996794,1582.196,1618.6558,0.97754306,0.0,0.0,0.0,0.0,4744.6646,341.83643,201.10533,146.8742,165.14395,233.08298,1.0129681,0.0,0.98148173,0.0,1.0131506,0.0
5.1357965,4.043896,0.99783945,0.0,19.002934,76.65629,175.2618,25.00007,2182.5542,1617.0922,0.0,0.9996652,0.0,0.0,0.0,6547.9087,718.02783,147.00429,248.00441,209.97435,206.00072,0.995135,0.0,0.9998033,0.0,0.0,0.99845517
5.1351185,4.0501494,0.99745965,0.0,18.994896,76.66025,175.25766,24.999609,2182.8406,1617.0612,0.0,0.9994283,0.0,0.0,0.0,6547.895,717.93774,146.97571,248.03175,210.02567,206.00706,0.99394596,0.0,1.0025803,0.0,0.0,1.0056652
5.135025,4.050196,0.99351126,0.0,18.993134,76.660385,175.263,25.00052,2182.4175,1617.0604,0.0,1.0005927,0.0,0.0,0.0,6547.861,718.1132,146.97375,247.96153,209.94333,206.034,0.9885826,0.0,1.0053815,0.0,0.0,1.0079122
5.1347766,4.0503697,1.0065386,0.0,19.007317,76.661835,175.27252,25.00057,2182.9646,1617.1403,0.0,1.0035717,0.0,0.0,0.0,6548.195,718.15643,147.04471,248.04495,209.93939,206.0863,0.986186,0.0,1.0053992,0.0,0.0,0.9893808
5.134461,4.041457,0.9862011,0.0,18.991982,76.66425,175.24701,25.000761,2182.348,1617.1779,0.0,0.99563754,0.0,0.0,0.0,6548.296,717.8276,147.06682,247.95326,209.92192,206.10051,0.98516023,0.0,1.0162674,0.0,0.0,1.014549
5.137828,4.040357,0.9852722,0.0,19.008598,76.648636,175.24577,25.00082,2183.1487,1617.1854,0.0,0.9914949,0.0,0.0,0.0,6547.6855,718.1944,147.07571,247.9517,210.0964,206.1022,0.9850384,0.0,0.98268086,0.0,0.0,0.98450786
9.061818,8.870246,0.99846447,0.0,20.144464,61.234554,172.72115,20.501242,1761.7119,1462.2775,0.0,0.0,1.0015192,0.0,0.0,5285.952,517.91846,175.00275,162.99728,191.0028,212.00504,0.9987558,0.0,1.0038784,0.0,1.0003632,0.0
9.061492,8.865883,0.99634707,0.0,20.184496,61.23571,172.72408,20.501316,1761.6138,1462.3386,0.0,0.0,0.9979522,0.0,0.0,5286.2017,517.84436,174.98895,162.96844,191.0205,212.01677,1.0016879,0.0,0.9944739,0.0,1.0009,0.0
9.066373,8.859683,1.003806,0.0,20.217083,61.23671,172.72472,20.498535,1761.421,1462.3468,0.0,0.0,1.0045731,0.0,0.0,5283.6274,517.8368,174.96489,163.04942,191.02762,211.97379,0.99185205,0.0,1.0062016,0.0,0.99893075,0.0
9.054335,8.859525,0.9944131,0.0,20.25455,61.23744,172.72986,20.50149,1761.2552,1462.178,0.0,0.0,1.0062633,0.0,0.0,5286.999,518.20435,175.04344,162.94217,191.0617,212.03098,1.0108517,0.0,0.9913003,0.0,0.9973299,0.0
9.070255,8.90075,1.0058216,0.0,19.695856,61.23749,172.73007,20.498402,1762.2034,1462.0659,0.0,0.0,1.0122385,0.0,0.0,5287.053,517.6712,174.92264,163.0595,191.06317,211.96579,1.0110178,0.0,1.0108836,0.0,1.0034319,0.0
9.053624,8.917971,0.98945,0.0,20.306807,61.23907,172.73155,20.501806,1761.1221,1462.534,0.0,0.0,0.9876001,0.0,0.0,5282.773,517.6558,174.91945,163.0916,190.91214,212.06303,1.0152508,0.0,1.0117064,0.0,0.9915346,0.0
4.0301046,1.4157238,0.99622685,0.0,19.9858,58.058884,168.54593,20.700129,1522.0697,1417.2225,0.0,1.0012982,0.0,0.0,0.0,4565.89,230.90013,475.97955,230.97589,169.00795,147.98164,0.99788064,0.0,1.0012971,0.0,0.0,0.9979561
4.030995,1.4161097,0.99290633,0.0,20.02189,58.060917,169.06415,20.699533,1522.1354,1417.1388,0.0,1.0035224,0.0,0.0,0.0,4565.8564,230.86305,476.07794,231.03224,169.02557,148.01854,1.0034261,0.0,0.9948666,0.0,0.0,0.9969997
4.027069,1.4161544,1.007146,0.0,20.05118,58.061153,165.9308,20.70057,1522.1501,1417.2821,0.0,1.0037448,0.0,0.0,0.0,4565.561,231.13884,476.0986,231.03702,169.02948,147.967,0.99372244,0.0,0.99274415,0.0,0.0,1.0037951
4.025831,1.4154247,0.99204904,0.0,20.068356,58.05501,164.52931,20.70061,1521.812,1417.2979,0.0,0.99293274,0.0,0.0,0.0,4565.462,230.85434,476.29633,231.07057,169.03233,148.03792,0.99245185,0.0,1.0092001,0.0,0.0,1.0073706
4.023691,1.4167008,0.9910005,0.0,20.110796,58.05317,171.25946,20.700674,1522.2201,1417.0836,0.0,0.9880531,0.0,0.0,0.0,4565.1904,230.85294,475.48337,230.92903,168.95685,148.04938,0.99195987,0.0,0.989498,0.0,0.0,0.9912615
4.0232987,1.4150038,1.0096074,0.0,19.814108,58.07058,161.75633,20.699158,1522.2561,1417.082,0.0,1.0122671,0.0,0.0,0.0,4565.1772,230.77943,475.30014,230.92667,169.05301,148.06319,1.0103201,0.0,0.9862197,0.0,0.0,0.9893506
3.476549,1.6570284,0.0,0.997255,18.997517,90.71769,177.8,28.69931,2606.08,2048.7195,0.9986437,0.0,0.0,0.0,0.0,7817.831,754.87994,41.00358,332.04614,370.98575,281.9802,0.99772024,0.0,0.0,1.0008372,0.0,0.9989923
3.4727423,1.6563953,0.0,1.0073063,19.004076,90.71248,177.8,28.70191,2605.7063,2048.596,1.0036752,0.0,0.0,0.0,0.0,7816.42,755.31305,40.99263,331.9389,371.06396,281.9648,0.99581826,0.0,0.0,0.9970659,0.0,0.9902126
3.481038,1.6573541,0.0,1.0079042,18.99527,90.70324,177.8,28.696455,2604.9438,2047.7126,0.9958855,0.0,0.0,0.0,0.0,7821.165,754.23804,40.98568,332.1157,371.13333,282.1223,0.99361175,0.0,0.0,1.003014,0.0,0.9879913
3.4810543,1.6561728,0.0,1.0141948,18.994146,90.702415,177.8,28.696127,2604.9211,2050.5427,1.0074996,0.0,0.0,0.0,0.0,7822.1523,754.02704,40.981106,332.13916,371.19397,282.17017,1.0078118,0.0,0.0,0.9940617,0.0,0.9846957
3.472266,1.6561174,0.0,1.0187012,18.993713,90.70087,177.8,28.704073,2603.604,2047.3522,0.9923541,0.0,0.0,0.0,0.0,7813.6323,753.7891,40.965935,332.1518,370.78683,281.77664,1.0085984,0.0,0.0,1.0070199,0.0,0.9836491
3.4812975,1.6559737,0.0,0.9730435,18.992546,90.69469,177.8,28.70435,2603.559,2050.9683,0.9896689,0.0,0.0,0.0,0.0,7812.5474,753.588,41.057117,332.17932,370.75516,281.76263,0.9837641,0.0,0.0,0.99243003,0.0,0.9828407
1.4872044,5.705373,0.0,1.0064793,19.998573,74.839195,177.8,23.700306,3744.7097,1830.6383,1.0026633,0.0,0.0,0.0,0.0,11226.947,918.9748,49.997723,414.0303,305.9909,380.04694,1.0021905,0.0,1.0004094,0.0,0.99936384,0.0
1.4900085,5.705646,0.0,0.9881639,20.034637,74.837425,177.8,23.697985,3740.24,1830.6154,1.0036314,0.0,0.0,0.0,0.0,11247.761,919.2029,49.992958,413.55728,305.96878,379.91083,1.0063809,0.0,0.9985019,0.0,0.99914587,0.0
1.4900267,5.7082,0.0,1.0118362,19.873377,74.836464,177.8,23.696283,3750.185,1830.9874,1.0041412,0.0,0.0,0.0,0.0,11215.275,918.7748,49.99035,412.88852,305.95032,380.1843,1.0117381,0.0,0.9980885,0.0,0.9987094,0.0
1.485816,5.699434,0.0,1.0121117,20.133198,74.83388,177.8,23.705133,3738.0967,1831.0518,1.0051897,0.0,0.0,0.0,0.0,11200.797,919.5995,49.97701,415.2223,305.91,380.21545,0.9879504,0.0,0.9925525,0.0,1.0045372,0.0
1.4913293,5.6976795,0.0,0.9874149,20.1435,74.83308,177.8,23.694174,3751.452,1831.1237,1.0062268,0.0,0.0,0.0,0.0,11200.562,918.3331,50.0304,415.91162,306.09802,380.26184,0.9873374,0.0,1.0079253,0.0,1.0080669,0.0
1.4845502,5.697167,0.0,0.9859711,19.776966,74.83085,177.8,23.706411,3751.6082,1830.4739,0.993718,0.0,0.0,0.0,0.0,11200.512,918.04047,49.94755,416.1435,305.87332,380.28415,0.9872594,0.0,0.984761,0.0,0.9915152,0.0
2.3640685,1.5911497,1.0015906,0.0,19.962273,59.875343,165.0989,21.99949,1143.4214,1426.0916,0.99564826,0.0,0.0,0.0,0.0,3430.2708,454.99408,-0.0089661125,128.04204,127.0071,123.99015,0.993283,0.0,0.0,1.0010786,0.0,1.0054764
2.3642538,1.5907022,0.9946687,0.0,19.910446,59.872566,165.09625,21.998087,1143.1213,1426.14,1.0046605,0.0,0.0,0.0,0.0,3429.6892,455.01523,-0.013748568,128.12541,127.018326,124.03939,1.0114357,0.0,0.0,0.9967558,0.0,0.9937714
2.3647249,1.5918497,1.0090498,0.0,19.899323,59.87763,165.09523,21.997404,1143.0775,1426.178,0.99412984,0.0,0.0,0.0,0.0,3430.4624,455.04263,0.040405426,128.14554,126.97185,124.04208,0.9860104,0.0,0.0,1.0038421,0.0,0.9918724
2.3632221,1.5905123,0.99003726,0.0,19.776388,59.87063,165.11026,22.00299,1143.0394,1426.1802,0.9881541,0.0,0.0,0.0,0.0,3429.3943,454.94244,-0.09720269,128.1498,127.03603,124.04557,0.9858906,0.0,0.0,0.9955083,0.0,0.9867555
2.3650436,1.5922334,1.0114095,0.0,19.715302,59.88422,165.11723,22.003279,1143.832,1426.0192,1.0144801,0.0,0.0,0.0,0.0,3430.703,455.05966,-0.1555369,127.84366,127.04799,123.94239,1.0147805,0.0,0.0,1.0053562,0.0,1.0149258
2.3631818,1.5923647,1.0196794,0.0,20.294199,59.860752,165.12492,21.996222,1142.7749,1426.0164,0.98215103,0.0,0.0,0.0,0.0,3428.942,454.9326,-0.22229706,128.16344,127.0611,123.93939,1.0152615,0.0,0.0,0.9940668,0.0,0.9809956
2.4789627,1.6040282,1.0003875,0.0,20.03959,59.874454,154.93108,24.90017,1143.5436,1394.6301,0.0,0.0,0.99977005,0.0,0.0,3429.889,286.05176,211.97353,93.003105,219.9926,228.0055,1.0020301,0.0,0.0,0.9981295,1.0062827,0.0
2.479019,1.6023786,0.997051,0.0,20.081121,59.87376,154.92921,24.899479,1143.546,1394.7921,0.0,0.0,1.0044147,0.0,0.0,3430.4543,286.06134,212.03038,92.98611,219.9911,228.00804,1.009746,0.0,0.0,0.99722904,1.0062916,0.0
2.4791906,1.6045024,0.9961222,0.0,19.885677,59.87323,154.95642,24.900776,1142.9293,1394.6029,0.0,0.0,0.993472,0.0,0.0,3429.3496,286.06378,211.96463,93.01534,220.04694,227.98798,0.98908156,0.0,0.0,0.9913376,0.9926727,0.0
2.4774723,1.6047845,0.99374557,0.0,19.867092,59.87178,154.92216,24.900826,1142.7858,1394.6,0.0,0.0,0.99209774,0.0,0.0,3429.0398,285.90088,211.9435,92.97941,220.0501,227.97963,1.0170481,0.0,0.0,0.9910877,1.0075012,0.0
2.4796417,1.6016383,0.99235713,0.0,19.793173,59.88033,154.95941,24.89857,1143.952,1394.8098,0.0,0.0,0.98896885,0.0,0.0,3431.0188,285.89627,211.94345,93.02995,219.92145,228.02277,0.9777139,0.0,0.0,0.98769903,1.0122093,0.0
2.4802368,1.6015804,1.0079516,0.0,20.300734,59.880596,154.97708,24.90156,1142.6733,1394.8407,0.0,0.0,1.0121245,0.0,0.0,3431.1702,285.88547,212.05672,92.95713,219.91138,227.9764,1.0227325,0.0,0.0,1.0190244,1.013012,0.0
2.8539143,21.010735,1.000432,0.0,20.005188,77.5616,177.8,24.499788,2602.222,1629.1608,0.0,0.0,0.9990953,0.0,0.0,7805.493,591.9953,144.01341,196.9886,388.01498,337.00452,1.0026586,0.0,0.0,0.99870867,1.0002679,0.0
2.8538074,21.030996,1.0005913,0.0,19.963675,77.56743,177.8,24.499617,2602.4702,1628.9991,0.0,0.0,1.0034113,0.0,0.0,7808.5146,591.9765,144.0174,197.0146,387.91745,337.02963,1.0032504,0.0,0.0,1.0014096,0.99932164,0.0
2.853254,21.002602,0.9978136,0.0,20.110428,77.56789,177.8,24.499441,2600.5696,1628.9753,0.0,0.0,0.98794967,0.0,0.0,7809.1284,591.97266,143.98099,197.03963,388.12723,336.92584,0.99367714,0.0,0.0,1.0026988,1.0016768,0.0
2.8531163,20.995417,1.0044271,0.0,20.126501,77.56043,177.8,24.500643,2599.7087,1628.9742,0.0,0.0,1.0137222,0.0,0.0,7809.653,592.12604,144.02391,196.94678,388.13748,337.1457,1.0075154,0.0,0.0,1.003829,1.0020769,0.0
2.854991,21.044155,0.994136,0.0,20.142462,77.56819,177.8,24.500734,2604.7153,1628.8906,0.0,0.0,0.985972,0.0,0.0,7809.719,592.13556,144.05833,196.94672,388.16367,336.8497,0.984156,0.0,0.0,0.99507475,1.0035093,0.0
2.8528402,21.056559,0.99352247,0.0,20.149496,77.55912,177.8,24.501022,2599.2732,1628.8685,0.0,0.0,0.9837082,0.0,0.0,7801.239,592.17377,144.05984,196.91096,387.8333,336.84042,1.0259823,0.0,0.0,1.0075672,0.9961919,0.0
0.9747612,1.5078851,1.0030582,0.0,20.04526,50.80278,167.63957,18.100756,1908.0511,1350.004,1.0006582,0.0,0.0,0.0,0.0,6463.283,438.01013,212.01083,257.02377,237.00215,179.49881,0.9992379,0.0,0.0,0.9998866,1.0002487,0.0
0.9760647,1.5085403,0.9934879,0.0,20.072046,50.801594,167.68599,18.106161,1908.1028,1349.9988,1.0010504,0.0,0.0,0.0,0.0,6462.6987,437.9777,212.0171,257.02527,237.00294,179.49513,0.9979934,0.0,0.0,0.9984128,1.0017703,0.0
0.9763089,1.5069846,1.0073887,0.0,19.853235,50.798584,168.42746,18.088293,1907.8815,1349.995,0.9964671,0.0,0.0,0.0,0.0,6462.6157,437.9749,211.97487,257.02563,237.00711,179.49277,0.9973465,0.0,0.0,1.0099293,1.0041926,0.0
0.97652215,1.5086892,0.99229145,0.0,19.803665,50.798027,166.72018,18.113298,1907.5747,1349.9591,0.99585366,0.0,0.0,0.0,0.0,6463.6157,437.97095,211.97316,256.96747,236.99284,179.50845,0.99453264,0.0,0.0,1.0103362,0.99366486,0.0
0.9779506,1.5069642,1.0092067,0.0,20.411083,50.807068,165.61824,18.116514,1908.4487,1349.8225,1.0041727,0.0,0.0,0.0,0.0,6461.955,437.9584,212.02728,257.04324,236.98254,179.48668,1.0060494,0.0,0.0,1.0103742,0.9916774,0.0
0.9725231,1.5090443,1.010037,0.0,19.562386,50.79747,169.97493,18.077913,1907.2697,1350.4254,1.0050389,0.0,0.0,0.0,0.0,6464.286,438.04367,212.0292,256.95508,237.02213,179.51619,1.0062208,0.0,0.0,0.98868,0.9908667,0.0
11.641141,30.70575,0.0,1.0061611,20.011986,87.08961,188.03796,24.700567,2733.044,2043.7589,0.0,0.0,1.0033581,0.0,0.0,8198.055,875.2524,43.99952,263.96893,311.02682,372.0524,1.0012716,0.0,0.0,0.9968046,0.0,0.99619186
11.650503,30.628054,0.0,1.006729,20.033798,87.085556,188.04326,24.699375,2732.2883,2043.2773,0.0,0.0,0.994933,0.0,0.0,8199.997,874.4316,43.982372,264.03534,311.02792,371.85645,0.9974235,0.0,0.0,0.9907314,0.0,1.0044385
11.638505,30.598412,0.0,1.0074683,20.139118,87.08291,187.87207,24.69905,2733.8926,2044.2031,0.0,0.0,1.0096279,0.0,0.0,8197.458,875.6943,43.975876,263.94424,310.97037,371.80957,1.0028571,0.0,0.0,1.0116761,0.0,0.9941025
11.653882,30.552225,0.0,0.9851153,19.823484,87.082565,188.11691,24.698708,2734.359,2042.9927,0.0,0.0,0.9893573,0.0,0.0,8201.077,874.2838,44.04132,264.0562,310.9666,372.25735,1.0062022,0.0,0.0,0.9870644,0.0,1.0067589
11.655329,30.532112,0.0,1.0190389,20.253948,87.097015,188.14182,24.701365,2731.569,2042.9279,0.0,0.0,0.9884807,0.0,0.0,8196.221,873.97125,43.958275,264.10062,310.90445,371.67874,1.007183,0.0,0.0,0.9813934,0.0,0.9917539
11.634365,30.90945,0.0,0.9753602,19.704187,87.080696,187.76776,24.701654,2731.185,2042.9048,0.0,0.0,0.98505956,0.0,0.0,8193.912,873.8429,44.048027,264.1187,311.13922,371.55826,1.0096779,0.0,0.0,1.0264263,0.0,0.99092335
2.7202985,2.810532,0.99855596,0.0,19.002718,61.237263,167.542,21.800716,2154.316,1450.9316,0.0,0.0,1.0007719,0.0,0.0,6462.553,513.00134,276.92188,191.97243,228.99171,278.00925,1.0037973,0.0,0.9983453,0.0,1.00274,0.0
2.7194555,2.8102975,1.007657,0.0,18.996965,61.23895,167.45699,21.798988,2154.6118,1450.9512,0.0,0.0,1.0010239,0.0,0.0,6463.5073,512.82996,277.09482,192.04372,229.02452,278.06107,1.0062697,0.0,0.99637944,0.0,0.99673456,0.0
2.7194035,2.811991,1.0106226,0.0,19.003456,61.228436,167.37067,21.797993,2154.0203,1450.9542,0.0,0.0,0.9987959,0.0,0.0,6463.5503,512.7569,276.8871,192.05916,229.0279,278.06308,1.0077276,0.0,1.0059011,0.0,1.0068264,0.0
2.7192225,2.8093152,0.9890964,0.0,19.003534,61.22743,167.22046,21.797312,2154.7927,1450.793,0.0,0.0,1.0014565,0.0,0.0,6463.7197,512.65594,276.88135,192.0592,228.94283,278.09042,0.9882026,0.0,0.9931471,0.0,1.0072317,0.0
2.7191787,2.8126526,0.9816624,0.0,18.995707,61.244415,168.94223,21.80545,2153.837,1451.0074,0.0,0.0,0.99782276,0.0,0.0,6463.7725,512.5762,276.8297,191.91481,229.06212,278.2435,1.0124723,0.0,0.98862904,0.0,0.99043685,0.0
2.7208571,2.8084373,0.9795158,0.0,18.994884,61.224068,165.28923,21.793644,2154.9658,1451.0089,0.0,0.0,0.99234116,0.0,0.0,6463.7915,513.42725,276.82898,192.16414,228.91637,277.74643,1.0161612,0.0,0.9862296,0.0,1.0110387,0.0
2.684272,3.9389064,0.9997132,0.0,21.08012,58.964874,152.40454,25.399986,2335.6494,1374.1228,0.0,0.99938476,0.0,0.0,0.0,7004.302,698.978,69.99985,214.97787,362.11356,272.99945,0.9977012,0.0,0.0,1.0044365,0.0,1.0007739
2.6847155,3.9349954,0.99900824,0.0,20.906523,58.96977,152.38837,25.400534,2334.9023,1374.0485,0.0,0.9908103,0.0,0.0,0.0,7002.306,699.17847,70.0009,214.96202,361.8842,273.0026,1.0023154,0.0,0.0,0.9933791,0.0,1.0020577
2.6848004,3.934034,1.0015707,0.0,20.902172,58.970676,152.41188,25.401102,2334.725,1374.041,0.0,1.013722,0.0,0.0,0.0,7001.7803,699.2277,70.00177,214.94489,362.13712,272.9464,1.0049058,0.0,0.0,1.0087299,0.0,0.99679583
2.6838639,3.9336352,0.9937669,0.0,21.107443,58.971188,152.41405,25.398771,2334.721,1374.1812,0.0,0.9858278,0.0,0.0,0.0,7000.813,699.24146,70.00253,214.9146,362.13895,273.0672,0.9941423,0.0,0.0,1.0125692,0.0,1.0034002
2.6851232,3.9333758,0.99030024,0.0,21.117577,58.971596,152.4182,25.39772,2336.0562,1374.2177,0.0,0.98569256,0.0,0.0,0.0,6999.958,698.6997,70.005226,214.88019,361.81213,273.07632,1.0081352,0.0,0.0,0.985872,0.0,1.0034347
2.685203,3.932068,1.0113304,0.0,21.19246,58.96144,152.36714,25.402763,2334.5835,1373.9694,0.0,1.0155914,0.0,0.0,0.0,6999.9556,698.6353,69.98006,215.12686,361.8109,273.1021,1.013794,0.0,0.0,1.0144589,0.0,1.0035739
